Title,Title
Red Color Kurta Pant & Dupatta Set Sequence Embroidery Salwar Kameez Ready made,Red Sequin Embroidered Kurta Pant Dupatta Set – Ready to Wear
Indian Wedding Wear Full Flared Kurta Dupatta Set Festival Wear Anarkali Gowns,Full Flared Anarkali Gown with Dupatta – Indian Wedding Wear
Pakistani Women Salwar Kameez Readymade Indian Wedding wear Straight Kurti Pant,Pakistani Straight Kurti Pant Set – Readymade Salwar Kameez
PAKISTANI SALWAR KAMEEZ BLACK BOLLYWOOD WEAR PALAZZO KURTA WITH DUPATTA SETS,Black Pakistani Palazzo Kurta Dupatta Set – Bollywood Style
Indian Wedding Wear Kurta Pant Dupatta Set Readymade Women Salwar Kameez Combo,Kurta Pant Dupatta Combo – Indian Wedding Ready Salwar Kameez
Indian Wedding Festival Wear Kurti Pant With Designer Dupatta Set 3 Piece Stitch,Designer Kurti Pant with Dupatta – Festival Wear 3-Piece Set
Pakistani Designer Sharara Kurta Dupatta Sets Eid Wedding Special Salwar Kameez,Pakistani Sharara Kurta Dupatta Set – Eid Wedding Special
Plus Size upto 7XL Kurta Palazzo Set Designer Co-Ord Set For Women Big Size Suit,Plus Size Kurta Palazzo Set – Designer Co-Ord Upto 7XL
Beautiful Rama Green Naira Cut Kurta Pant Set Indian Designer Salwar Kameez Sets,Rama Green Naira Cut Kurta Pant Set – Designer Salwar Kameez
Beautiful Pink Anarkali Kurta Kurti Set Women Wear Palazzo Kurta Set Salwar Suit,Pink Anarkali Kurta Palazzo Set – Women's Salwar Suit
Heavy Velvet Kurta Set For Winter Collection Indian Women Kurta Palazzo Suit Set,Heavy Velvet Kurta Palazzo Set – Winter Collection for Women
Pakistani Heavy Embroidery Work Kurta Palazzo Dupatta Set 3 Piece Top Tunic Suit,Pakistani Embroidered Kurta Palazzo Dupatta Set – 3-Piece Suit
Women Wear Palazzo Kurta Dupatta Set Pink Pakistani Salwar Kameez Suit Stitched,Pink Palazzo Kurta Dupatta Set – Pakistani Salwar Kameez
Fully Readymade Women Kurta Sharara Designer Dupatta Set Pakistani Salwar Kameez,Readymade Kurta Sharara Dupatta Set – Pakistani Salwar Kameez
Wedding Wear Kurta Palazzo Dupatta Set Indian Designer Kurta Palazzo Dupatta Set,Wedding Kurta Palazzo Dupatta Set – Indian Designer Wear
Women Wear Kurta Palazzo Dupatta Set Indian Wedding Eid Festival Wear Salwar Set,Kurta Palazzo Dupatta Set – Wedding Eid Festival Salwar Suit
Blue Salwar Kameez For Women Wedding Partywear Salwar Suit 3 Piece Combo Suits,Blue Salwar Kameez – Women's Wedding Partywear 3-Piece Set
Eid Festival Wear Kurta Palazzo Dupatta Set Indian Designer Kurti Pant Stitched,Eid Festival Kurta Palazzo Dupatta Set – Designer Kurti Pant
Anarkali Wedding Wear Kurta Pant Dupatta Set Indian Designer Kurtas Combo Suits,Anarkali Kurta Pant Dupatta Set – Indian Wedding Combo Suit
Red Bandhej Printed Kurta Palazzo Dupatta Set Handwork Salwar Kameez Readymade,Red Bandhej Kurta Palazzo Dupatta Set – Handwork Salwar Kameez
Pure Georgette Top Palazzo With Dupatta For Women Wear Bollywood Party Salwar,Georgette Top Palazzo Dupatta Set – Bollywood Party Salwar
Women Readymade Salwar Kameez Suit Set Indian Designer Ethnic Palazzo Kurta Sets,Readymade Salwar Kameez Suit – Ethnic Palazzo Kurta Set
Pure Georgette Kurta Palazzo Dupatta Set Indian Festival/Wedding Wear Salwar Set,Georgette Kurta Palazzo Dupatta Set – Festival Wedding Wear
Indian Designer Blue Kurta Pant Dupatta Set Women Wedding Wear Velvet Winter Set,Blue Velvet Kurta Pant Dupatta Set – Winter Wedding Wear
Pakistani Readymade Salwar Kameez For Women & Girls Naira Cut Kurta Palazzo Suit,Pakistani Naira Cut Kurta Palazzo Suit – Readymade Salwar
Indian Ethnic Kurtis & Kurtas Sets Women Kurta Palazzo Dupatta Set 3 Piece Suits,Ethnic Kurti Palazzo Dupatta Set – 3-Piece Indian Wear
Women Anarkali Kurta With Pant Sets Indian Designer Salwar Kameez Readymade Suit,Anarkali Kurta Pant Dupatta Set – Readymade Salwar Kameez
Pakistani Women Salwar Kameez Readymade Indian Wedding Festival Wear Kurti Pant,Pakistani Kurti Pant Set – Wedding Festival Readymade Wear
Pakistani Wedding Wear Salwar Kameez Readymade Indian Women Kurta Pant Suits Top,Pakistani Wedding Kurta Pant Suit – Readymade Salwar Kameez
Gift For Her Indian Designer Salwar Kameez Readymade Kurta Palazzo Dupatta Sets,Gift for Her – Readymade Kurta Palazzo Dupatta Set
Heavy Wedding Wear Kurta Palazzo Dupatta Set Indian Designer Kurtas & Kurtis Set,Heavy Wedding Kurta Palazzo Dupatta Set – Designer Wear
Khadi Cotton Kurta Palazzo Dupatta Set Indian Designer Salwar Kameez 3 Piece Set,Khadi Cotton Kurta Palazzo Dupatta Set – 3-Piece Salwar Kameez
Indian Wedding Wear Kurta Palazzo With Dupatta Set Women Salwar Kameez Readymade,Wedding Kurta Palazzo Dupatta Set – Readymade Salwar Kameez
Indian Bollywood Party Anarkali Kurta Kurti Set Eid Wear Palazzo Kurta Dupatta,Bollywood Anarkali Kurta Set – Eid Wear Palazzo Dupatta
INDIAN DESIGNER PALAZZO KURTA SET FULLY READY MADE SALWAR KAMEEZ 2 PIECE SETS,Designer Palazzo Kurta Set – Readymade Salwar Kameez 2-Piece
Pakistani Women Embroidery Salwar Kameez Readymade Indian Ethnic /Festival Wear,Pakistani Embroidered Salwar Kameez – Festival Wear Readymade
White Embroidery Work Kurta Palazzo Dupatta Set Indian Wedding Wear Salwar Suits,White Embroidered Kurta Palazzo Dupatta Set – Wedding Wear
Indian Designer Salwar Kameez Readymade Women Wear Kurta & Kurtis Sets For Gift,Designer Salwar Kameez – Readymade Kurta Palazzo Set for Gift
Red Winter Wear Kurta Pant With Designer Dupatta Set Velvet Palazzo Kurta Suits,Red Velvet Kurta Pant Dupatta Set – Winter Wear Palazzo Suit
Indian Designer Anarkali Kurta Kurti Set Pakistani Gift For Her 3 Piece Combo,Anarkali Kurta Kurti Set – Pakistani Gift 3-Piece Combo
Chinon Silk Kurta Palazzo Dupatta Set Bollywood Party Salwar Kameez 3 Piece Suit,Chinon Silk Kurta Palazzo Dupatta Set – Bollywood Party Suit
Indian Wedding Wear Kurta Palazzo Dupatta Set Pure Velvet Winter Wear Combo Set,Velvet Kurta Palazzo Dupatta Set – Winter Wedding Wear Combo
Pakistani Embroidered Salwar Kameez Fully Readymade Kurta Palazzo Dupatta Sets,Pakistani Embroidered Kurta Palazzo Dupatta Set – Readymade
Women Velvet Kurta Palazzo Dupatta Set Indian Wedding Wear Salwar Suit For Gift,Velvet Kurta Palazzo Dupatta Set – Wedding Gift Salwar Suit
PAKISTANI INDIAN SALWAR KAMEEZ PARTYWEAR KURTA PALAZZO BOLLYWOOD SHARARA SUIT,Pakistani Partywear Kurta Palazzo Sharara Suit – Bollywood Style
Pakistani Heavy Embroidery Work Salwar Kameez Readymade Indian Bollywood Wear,Pakistani Embroidered Salwar Kameez – Readymade Bollywood Wear
Indian Wedding Wear Kurta Palazzo & Dupatta Set White Salwar Kameez Readymade,White Kurta Palazzo Dupatta Set – Wedding Readymade Salwar
White Fully Readymade Kurta Palazzo Dupatta Set Indian Designer Wedding Wear Set,White Readymade Kurta Palazzo Dupatta Set – Designer Wedding Wear
Eid Festival Wear Lehenga Choli With Dupatta Set Wedding Wear Salwar Kameez Suit,Eid Festival Lehenga Choli Dupatta Set – Wedding Salwar Kameez
Maroon Anarkali Kurta Pant & Dupatta Set Indian Designer Kurta & Kurti Top Sets,Maroon Anarkali Kurta Pant Dupatta Set – Designer Kurti Top
Pure Cotton Printed Kurta Palazzo Dupatta Set Indian Women Straight Kurti Pant,Cotton Printed Kurta Palazzo Dupatta Set – Straight Kurti Pant
Women Red Palazzo Kurta Dupatta Set Heavy Work Salwar Kameez Ready Made New Set,Red Palazzo Kurta Dupatta Set – Heavy Work Readymade Salwar
Red Valentine Day Special Gift For Her Kurta Palazzo Bollywood Party Suit Set,Valentine's Day Gift – Red Kurta Palazzo Bollywood Party Suit
Fully Readymade Kurta Palazzo Dupatta Wedding/Festival Wear Top Tunic Combo Set,Readymade Kurta Palazzo Dupatta Set – Wedding Festival Combo
Plus Size Kurta With Dupatta Set For Women Size Upto 7XL Kurtis & Kurtas Suit,Plus Size Kurta Dupatta Set – Upto 7XL Kurtis & Kurta Suit
Muslin Silk Kurta Palazzo Dupatta Set Indian Women Festival Wear Kurti Pant Sets,Muslin Silk Kurta Palazzo Dupatta Set – Festival Kurti Pant
Upcoming Festival Wear Lehenga With Kurta Set Indian Designer Salwar Kameez Set,Festival Lehenga Kurta Set – Designer Salwar Kameez Wear
Women Haldi Yellow Wedding Wear Kurta Palazzo Dupatta Set Christmas Wear Suits,Haldi Yellow Kurta Palazzo Dupatta Set – Christmas Wedding Wear
Pakistani Readymade Kurta Palazzo Dupatta Set Indian Designer Salwar Kameez Suit,Pakistani Kurta Palazzo Dupatta Set – Designer Salwar Kameez
Big Size Palazzo Kurta Set Indian Designer Kurta Kurti Women Plus Size Dresses,Plus Size Palazzo Kurta Set – Designer Kurti Women Dresses
"Beautiful White Anarkali Kurta Pant Dupatta Set, Indian Designer Salwar Kameez",White Anarkali Kurta Pant Dupatta Set – Designer Salwar Kameez
Indian Women Kurti Pant Sets Festival /Wedding Wear Palazzo Kurta Set Readymade,Kurti Pant Set – Festival Wedding Palazzo Kurta Readymade
FULLY STITCHED BLACK SALWAR KAMEEZ READYMADE INDIAN BOLLYWOOD WEAR KURTI PANT,Black Salwar Kameez – Readymade Bollywood Kurti Pant Wear
Indian Women Designer Kurta Palazzo Dupatta Set Readymade Salwar Kameez Suit Set,Designer Kurta Palazzo Dupatta Set – Readymade Salwar Suit
Fully Readymade Diwali Wear Kurta Palazzo Dupatta Set Indian Designer Salwar Set,Diwali Kurta Palazzo Dupatta Set – Readymade Designer Salwar
Fully Readymade Kurta Palazzo Dupatta Set Indian Bollywood Wear Kurtis & Kurtas,Bollywood Kurta Palazzo Dupatta Set – Readymade Kurtis & Kurta
Women Kurta Palazzo Dupatta Set Indian Wedding Festival Wear Kurti Pant Salwar,Kurta Palazzo Dupatta Set – Wedding Festival Kurti Pant Salwar
Indian Navratri Wear Palazzo Kurta Dupatta Set Women Ready Made Salwar Kameez,Navratri Palazzo Kurta Dupatta Set – Readymade Salwar Kameez
SUMMER SPECIAL KURTA PALAZZO DUPATTA SET INDIAN DESIGNER SALWAR KAMEEZ SUIT SET,Summer Kurta Palazzo Dupatta Set – Designer Salwar Kameez Suit
Festival/Wedding/Bollywood Wear Kurta Palazzo Dupatta Set Women Salwar Kameez,Festival Wedding Bollywood Kurta Palazzo Dupatta Set – Salwar
White Salwar Kameez Readymade Women Kurta Palazzo Dupatta Set Chikankari Kurtis,White Salwar Kameez – Readymade Kurta Palazzo Dupatta Set
Indian Bollywood Party Wear Kurti Pant Set Eid Festival Wear Salwar Kameez Sets,Bollywood Party Kurti Pant Set – Eid Festival Salwar Kameez
Pakistani Embroidered Salwar Kameez Readymade Plus Size upto 7XL Palazzo Kurta,Pakistani Embroidered Salwar Kameez – Plus Size Upto 7XL
FULLY READYMADE ANARKALI KURTA PANT & DUPATTA SET INDIAN WEDDING FESTIVAL WEAR,Readymade Anarkali Kurta Pant Dupatta Set – Wedding Festival Wear
Indian Festival Wear Anarkali Kurta Palazzo Dupatta Set Women Salwar Kameez Suit,Festival Anarkali Kurta Palazzo Dupatta Set – Salwar Kameez Suit
Indian Anarkali Kurta With Dupatta Set Gift For Her Indian Wedding Wear Dresses,Anarkali Kurta Dupatta Set – Wedding Gift Indian Dresses
Fully Embroidered Salwar Kameez New Indian Wedding Wear Kurta Palazzo Dupatta,Embroidered Salwar Kameez – Wedding Kurta Palazzo Dupatta Set
Fully Readymade Side Cut Kurta Palazzo Dupatta Set Indian Stitched Salwar Kameez,Side Cut Kurta Palazzo Dupatta Set – Readymade Salwar Kameez
Women Wedding Wear Kurta Palazzo Dupatta Set Indian Readymade Salwar Kameez Set,Wedding Kurta Palazzo Dupatta Set – Readymade Salwar Kameez
Indian Wedding Wear Kurta Palazzo Dupatta Set Pakistani Salwar Kameez Christmas,Wedding Kurta Palazzo Dupatta Set – Pakistani Christmas Wear
Indian Punjabi Patiala Suits Pakistani Heavy Sequence Work Salwar Dhoti Kameez,Punjabi Patiala Suit – Pakistani Sequence Work Salwar Dhoti
Fully Readymade Women Kurta Palazzo Dupatta Set Salwar Kameez Blue Festival Wear,Blue Kurta Palazzo Dupatta Set – Festival Readymade Salwar
Pakistani Designer Salwar Kameez Readymade Women Palazzo Kurta Dupatta Suit Set,Pakistani Designer Salwar Kameez – Readymade Palazzo Kurta Set
Fully Readymade Women Bollywood Wear Kurta Palazzo Dupatta Set Indian Salwar Set,Bollywood Kurta Palazzo Dupatta Set – Readymade Salwar Wear
Heavy Velvet Kurta Palazzo Dupatta Set Indian Winter Wear Kurti Pant Readymade,Velvet Kurta Palazzo Dupatta Set – Winter Kurti Pant Readymade
Indian Navratri Diwali Festival Wear Kurta Palazzo Sets Pakistani Salwar Kameez,Navratri Diwali Kurta Palazzo Set – Pakistani Salwar Kameez
Black Printed Kurta With Pant Set 3 Piece Combo Set Salwar Kameez Readymade Suit,Black Printed Kurta Pant Set – 3-Piece Readymade Salwar Suit
Heavy Cotton Festival Wear Kurta Palazzo Dupatta Set Indian Women Salwar Kameez,Cotton Festival Kurta Palazzo Dupatta Set – Women Salwar Kameez
Eid Festival Wear Kurta Palazzo Dupatta Set Indian Designer Kurti Pant Stitched,Eid Festival Kurta Palazzo Dupatta Set – Designer Kurti Pant
Indian Bollywood Wear Kurta Palazzo Dupatta Sets Ethnic Festival Wear Dresses,Bollywood Kurta Palazzo Dupatta Set – Ethnic Festival Dresses
Indian Wedding Wear Kurta Palazzo Dupatta Set Winter Wear Velvet Kurtas Kurtis,Wedding Kurta Palazzo Dupatta Set – Velvet Winter Kurtis Kurta
Fully Stitched Kurta Palazzo Dupatta Set Indian Readymade Salwar Kameez Combo,Stitched Kurta Palazzo Dupatta Set – Readymade Salwar Combo
Upcoming Festival Wear Palazzo Kurta Dupatta Set Wedding Wear Salwar Kameez Suit,Festival Palazzo Kurta Dupatta Set – Wedding Salwar Kameez Suit
Indian Navratri Lehenga Choli Set With Designer Dupatta Wedding Wear Lehenga Set,Navratri Lehenga Choli Set – Designer Dupatta Wedding Wear
Indian Embroidery Hand Work Kurta Pant Sets Readymade Salwar Kameez Stitched Set,Embroidery Handwork Kurta Pant Set – Readymade Salwar Kameez
Summer Cotton Kurtas Palazzo Dupatta Set 3 Piece Top Tunic Combo Salwar Kameez,Summer Cotton Kurta Palazzo Dupatta Set – Top Tunic Salwar
Heavy Sequence Mirror Work Salwar Kameez Readymade Straight Kurta Pant Dupatta,Sequence Mirror Work Salwar Kameez – Straight Kurta Pant Dupatta
Fully Readymade Wedding Wear Kurta Palazzo Dupatta Set Indian Handmade Top Tunic,Wedding Kurta Palazzo Dupatta Set – Handmade Readymade Tunic
FULLY READYMADE KURTA PANT DUPATTA SET INDIAN WOMEN FESTIVAL WEAR SALWAR KAMEEZ,Readymade Kurta Pant Dupatta Set – Festival Salwar Kameez
Eid Festival Wear Women Kurta Palazzo Dupatta Set Fully Readymade Kurtis & Kurta,Eid Festival Kurta Palazzo Dupatta Set – Readymade Kurtis & Kurta
INDIAN DESIGNER BOLLYWOOD WEAR SALWAR KAMEEZ READYMADE SHARARA KURTA DUPATTA SET,Bollywood Salwar Kameez – Readymade Sharara Kurta Dupatta Set
Indian Women Kurti Pant Sets Designer Dupatta Readymade Salwar Kameez Black Suit,Black Kurti Pant Set – Designer Dupatta Readymade Salwar Suit
Fully Readymade Kurta Palazzo Dupatta Set Indian Stitched Salwar Kameez Combo,Readymade Kurta Palazzo Dupatta Set – Stitched Salwar Combo
Wedding/Festival/Bollywood Party Wear Palazzo Kurta Dupatta Set 3 Piece Combo,Wedding Festival Bollywood Kurta Palazzo Dupatta Set – 3-Piece
Indian Elegant Bollywood Wear Kurta Palazzo Dupatta Set Wedding Wear Top Tunic,Elegant Bollywood Kurta Palazzo Dupatta Set – Wedding Tunic Wear
Wedding Wear Green Kurta Pant Set With Designer Dupatta Salwar Kameez Readymade,Green Kurta Pant Set – Wedding Designer Dupatta Salwar Kameez
Heavy Velvet Kurta Palazzo & Dupatta Sets Indian Wedding Wear Kurtis & Kurtas,Velvet Kurta Palazzo Dupatta Set – Winter Wedding Kurtis Kurta
Pakistani Eid Special Kurta Palazzo Dupatta Set Readymade Salwar Kameez 3 Piece,Pakistani Eid Kurta Palazzo Dupatta Set – Readymade Salwar Suit
Indian Readymade Salwar Kameez For Women Straight Kurta Palazzo Dupatta Set Suit,Readymade Salwar Kameez – Straight Kurta Palazzo Dupatta Set
Indian Hand Block Printed Kurta Palazzo Dupatta Set Women Wear Salwar Kameez Set,Hand Block Printed Kurta Palazzo Dupatta Set – Salwar Kameez
Wedding/Festival/Bollywood Party Wear Palazzo Kurta Dupatta Set 3 Piece Combo,Wedding Festival Bollywood Kurta Palazzo Dupatta Set – 3-Piece
Women Anarkali Flared Kurta Pant Dupatta Set Indian Wedding Wear Kurtis & Kurtas,Anarkali Flared Kurta Pant Dupatta Set – Wedding Kurtis Kurta
Indian Festival Wear Kurta Palazzo Dupatta Set Fully Readymade Suits For Diwali,Festival Kurta Palazzo Dupatta Set – Readymade Suits for Diwali
Beautiful White Kurta Palazzo Dupatta Set Fully Readymade Bollywood Wear Kurtas,White Kurta Palazzo Dupatta Set – Bollywood Readymade Kurtis
Red Kurta Palazzo Set With Designer Dupatta Indian Festival Wear Readymade Suits,Red Kurta Palazzo Set – Designer Dupatta Festival Readymade Suit
"Indian Women Salwar Kameez Ready To Wear Suits, Straight Kurta Pant Dupatta Set",Salwar Kameez – Ready to Wear Straight Kurta Pant Dupatta Set
Pink Pakistani Salwar Kameez Readymade Bollywood Wear Kurta Palazzo Dupatta Sets,Pink Pakistani Salwar Kameez – Readymade Kurta Palazzo Dupatta
Pakistani Readymade Salwar Kameez Indian Bollywood Wear Kurta Palazzo Dupatta,Pakistani Salwar Kameez – Readymade Kurta Palazzo Dupatta Set
Women Palazzo Kurta Sets Indian Festival Wear Dresses Gift For Her Cotton Suits,Palazzo Kurta Set – Festival Dresses Gift for Her Cotton Suits
Wedding Wear Women Palazzo Kurta Dupatta Set Indian Designer Salwar Kameez Sets,Wedding Palazzo Kurta Dupatta Set – Designer Salwar Kameez
Heavy Cotton Stitched Kurta Pant Set With Dupatta Salwar Kameez Readymade Suits,Cotton Kurta Pant Set with Dupatta – Readymade Salwar Suits
Fully Ready made Handmade Kurta Palazzo Set Cotton Salwar Kameez Dupatta Women,Handmade Kurta Palazzo Set – Cotton Salwar Kameez Dupatta
Indian Bollywood Partywear Kurta Palazzo Dupatta Set Readymade Salwar Kameez Set,Bollywood Party Kurta Palazzo Dupatta Set – Readymade Salwar
Indian Traditional Kurta Palazzo Dupatta Set Fully Readymade Salwar Kameez Suits,Traditional Kurta Palazzo Dupatta Set – Readymade Salwar Suits
Beautiful Black Kurta Palazzo Dupatta Set Indian Plus Size Upto 7XL Kurtas Sets,Black Kurta Palazzo Dupatta Set – Plus Size Upto 7XL Kurtis
Fully Readymade Kurta Palazzo Dupatta Set Heavy Embroidery Work Wedding Wear Set,Embroidered Kurta Palazzo Dupatta Set – Wedding Readymade Wear
Fully Readymade White Kurta Pant Dupatta Set Indian Festival Wear Salwar Kameez,White Kurta Pant Dupatta Set – Festival Readymade Salwar Kameez
PAKISTANI EMBROIDERED SALWAR KAMEEZ READYMADE FESTIVAL WEAR PALAZZO KURTA SETS,Pakistani Embroidered Salwar Kameez – Festival Palazzo Kurta Set
Premium Silk Kurta Palazzo Dupatta Set Indian Women Wedding Wear Kurtis & Kurtas,Silk Kurta Palazzo Dupatta Set – Wedding Kurtis & Kurta Wear
Women Readymade Salwar Kameez Suit Set Indian Designer Ethnic Palazzo Kurta Sets,Readymade Salwar Kameez Suit – Ethnic Palazzo Kurta Set
Heavy Rayon Kurta Sharara Dupatta Set Gotta Patti Work Red Kurtis & Kurtas Set,Rayon Kurta Sharara Dupatta Set – Gotta Patti Red Kurtis Kurta
Indian Wedding Anarkali Kurta Pant Dupatta Sets Diwali Festival Salwar Kameez,Wedding Anarkali Kurta Pant Dupatta Set – Diwali Salwar Kameez
Festival Wear Kurta Palazzo Dupatta Set Alia Cut Kurta Set Women Kurta For Eid,Festival Kurta Palazzo Dupatta Set – Alia Cut Kurta for Eid
Indian Wedding Wear Kurta Palazzo Dupatta Set Readymade Salwar Kameez For Gift,Wedding Kurta Palazzo Dupatta Set – Readymade Salwar Gift Wear
Pure Cotton Kurta Palazzo Dupatta Set Wedding/Festival/Ethnic Salwar Kameez Sets,Cotton Kurta Palazzo Dupatta Set – Wedding Festival Salwar
Yellow 3 Piece Combo Set Indian Designer Salwar Kameez Readymade Kurta Palazzo,Yellow 3-Piece Salwar Kameez – Readymade Kurta Palazzo Set
Eid Festival Wear Lehenga Choli With Dupatta Set Wedding Wear Salwar Kameez Suit,Eid Festival Lehenga Choli Dupatta Set – Wedding Salwar Kameez
Indian Wedding Anarkali Kurta Palazzo Dupatta Women Ready Made Salwar Kameez Set,Wedding Anarkali Kurta Palazzo Dupatta Set – Readymade Salwar
Wedding Party Wear Salwar Kameez Readymade Women Wear Palazzo Kurta Dupatta Sets,Wedding Party Salwar Kameez – Readymade Palazzo Kurta Dupatta
Fully Readymade Palazzo Kurta Dupatta Set Bollywood Party Women Wear Salwar Suit,Bollywood Kurta Palazzo Dupatta Set – Readymade Salwar Suit
Fully Readymade Kurta Palazzo Dupatta Set Women Indian Handmade Salwar Kameez,Kurta Palazzo Dupatta Set – Handmade Readymade Salwar Kameez
Fully Readymade Kurta Palazzo Set Indian Printed Kurti Pant Set Salwar Kameez,Readymade Kurta Palazzo Set - Indian Printed Kurti Pant Salwar Kameez
Cotton Printed Palazzo Kurta Dupatta Set Indian Bollywood Wear Salwar Kameez Set,Cotton Printed Kurta Palazzo Dupatta Set - Bollywood Salwar Kameez
Indian Designer Women Kurta Palazzo Set Bollywood Wear Suits Salwar Kameez Top,Designer Kurta Palazzo Set - Indian Bollywood Salwar Kameez Suit
Indian Festival Wear Palazzo Kurta Dupatta Set Women Designer Salwar Kameez Suit,Festival Wear Kurta Palazzo Dupatta Set - Designer Salwar Kameez
Premium Summer Cotton Cord Sets For Women 2 Piece Fully Stitched Casual Wear Set,Premium Summer Cotton Co-ord Set - 2 Piece Stitched Casual Wear
Pure Cotton Palazzo Kurta Set 3 Piece Top Tunic Combo Salwar Kameez Readymade,Pure Cotton Kurta Palazzo Set - 3 Piece Tunic Combo Salwar Kameez
Indian Wedding Wear Kurta Palazzo Sets Elegant Kurtis/Kurtas Christmas Wear Suit,Wedding Wear Kurta Palazzo Set - Elegant Christmas Salwar Kameez
Fully Readymade Bollywood Party Wear Kurta Palazzo Dupatta Set Women Salwar Suit,Bollywood Party Wear Kurta Palazzo Dupatta Set - Readymade Suit
Fully Readymade Kurta Palazzo Dupatta Set Yellow Salwar Kameez Suit Eid Festival,Yellow Kurta Palazzo Dupatta Set - Eid Festival Salwar Kameez
Fully Readymade Palazzo Kurta Dupatta Set Indian Wedding Wear Salwar Kameez Suit,Wedding Kurta Palazzo Dupatta Set - Indian Readymade Salwar Suit
Indian Festival Wear Anarkali Kurta Pant Dupatta Set Women Readymade Salwar Suit,Festival Anarkali Kurta Pant Dupatta Set - Readymade Salwar Suit
Indian Designer Anarkali Kurta Kurti Set Eid Festival Wear Kurta Palazzo Dupatta,Designer Anarkali Kurta Set - Eid Festival Kurta Palazzo Dupatta
Indian Block Print Kurtas & Kurtis Set Summer Cotton Flared Kurta Readymade Suit,Block Print Kurta Set - Summer Cotton Flared Readymade Salwar
Fully Readymade Bollywood Style Kurta Palazzo Dupatta Women Wear Palazzo Kurta,Bollywood Style Kurta Palazzo Dupatta Set - Readymade Salwar
Upcoming Festival Wear Salwar Kameez Readymade Indian Wedding Wear Kurta Palazzo,Festival Salwar Kameez - Readymade Wedding Kurta Palazzo Set
Indian Wedding Party Wear Palazzo Kurta Set Indian Designer Kurta Kurti Suit Set,Wedding Party Wear Kurta Palazzo Set - Designer Salwar Kameez
Wedding Wear Kurta Palazzo Dupatta Set Indian Designer Salwar Kameez Readymade,Wedding Kurta Palazzo Dupatta Set - Designer Readymade Salwar
Premium Silk Kurta Palazzo Dupatta Set Eid Festival Wear Salwar Kameez Readymade,Premium Silk Kurta Palazzo Dupatta Set - Eid Salwar Kameez
Wedding Haldi Yellow Palazzo Kurta Dupatta Bollywood Party Kurta & Kurtis Suits,Haldi Yellow Kurta Palazzo Dupatta Set - Wedding Partywear Suit
Indian Velvet Kaftan Kurta With Punjabi Dhoti Sets Salwar Kameez For Winter Sale,Velvet Kaftan Kurta with Dhoti Set - Winter Sale Salwar Kameez
Red Bandhej Anarkali Kurta Pant Dupatta Set Hand Work Kurtis & Kurtas Suit Set,Red Bandhej Anarkali Kurta Pant Dupatta Set - Hand Work Suit
Bollywood Party Women Wear Lehenga Blouse & Dupatta Set Festival Wear Dresses,Bollywood Party Lehenga Blouse Dupatta Set - Festival Dresses
Pure Cotton Printed Kurta Palazzo Dupatta Set 3 Piece Combo Festival Eid Wear,Pure Cotton Printed Kurta Palazzo Dupatta Set - Eid Festival Wear
Indian Designer Kurta Pant Silk Dupatta Set Women Festival/Bollywood Wear Suit,Designer Kurta Pant Silk Dupatta Set - Festival Salwar Kameez
Haldi Yellow Wedding Wear Kurta Pant Dupatta Set Indian Designer Salwar Kameez,Haldi Yellow Wedding Kurta Pant Dupatta Set - Designer Salwar
Fully Readymade Kurta Palazzo Dupatta Set Indian Designer Festival Salwar Kameez,Readymade Kurta Palazzo Dupatta Set - Festival Salwar Kameez
7XL Plus Size Kurti Pant Sets Heavy Rayon Women Salwar Kameez Readymade 2 Piece,7XL Plus Size Kurti Pant Set - Heavy Rayon Readymade Salwar
Women Pakistani Bollywood Kurtis & Kurtas Sets Indian Designer Palazzo Kurta Set,Pakistani Bollywood Kurti Set - Designer Palazzo Kurta Salwar
Pakistani Wedding Wear Kurta Palazzo Dupatta Set Indian 3 Piece Kurti Pant Sets,Pakistani Wedding Kurta Palazzo Dupatta Set - 3 Piece Suit
Women Wedding Wear Kurta Palazzo With Dupatta Set 3 Piece Fully Stitched Suits,Wedding Kurta Palazzo Dupatta Set - Fully Stitched 3 Piece Suit
New Designer Kurti Pant Set Indian Salwar Kameez Ready made Gift For Girls Women,Designer Kurti Pant Set - Readymade Salwar Kameez Gift for Women
Women Wear Pakistani Salwar Kameez Readymade 3 Piece Stitched Top Tunic Combo,Pakistani Salwar Kameez - Readymade 3 Piece Tunic Combo Set
HEAVY EMBROIDERY WORK SALWAR KAMEEZ READYMADE INDIAN WOMEN KURTI PANT SETS TOP,Heavy Embroidery Salwar Kameez - Readymade Kurti Pant Set
Blue Readymade Salwar Kameez Indian Festival Wedding Wear Kurta Palazzo Dupatta,Blue Readymade Salwar Kameez - Festival Wedding Kurta Palazzo
Indian Designer Anarkali Kurta Pant & Dupatta Set Flared Printed Salwar Kameez,Designer Anarkali Kurta Pant Dupatta Set - Flared Salwar Kameez
Bollywood Party Wear Kurta Palazzo Set Upcoming Festival Wear Salwar Kameez Suit,Bollywood Party Kurta Palazzo Set - Festival Salwar Kameez Suit
Fully Stitched Kurta Palazzo With Dupatta Set Bollywood Wear Salwar Kameez Dress,Stitched Kurta Palazzo Dupatta Set - Bollywood Salwar Kameez
Indian Designer Anarkali Kurta Kurti Sets Pakistani Salwar Kameez For Eid Gift,Designer Anarkali Kurta Set - Pakistani Eid Gift Salwar Kameez
Indian Wedding Festival Wear Kurti Pant Set Cotton Salwar Kameez Readymade Sets,Wedding Festival Kurti Pant Set - Cotton Readymade Salwar Kameez
Indian Festival Anarkali Kurta Palazzo Dupatta Set Women Salwar Kameez Readymade,Festival Anarkali Kurta Palazzo Dupatta Set - Readymade Salwar
Indian Festival Wear Palazzo Kurta Set Diwali Collection Black Friday Sale Suits,Festival Kurta Palazzo Set - Diwali Black Friday Sale Salwar
Beautiful White Co-Ord Set For Women Stylish Kurta Pant Set Salwar Kameez Suits,White Co-ord Set for Women - Stylish Kurta Pant Salwar Kameez
Pure Heavy Cotton Salwar Kameez Readymade Indian Wedding Wear Palazzo Kurta Sets,Heavy Cotton Salwar Kameez - Readymade Wedding Kurta Palazzo
Indian Embroidered Anarkali Kurta Pant & Dupatta Set Women Designer 3 Piece Suit,Embroidered Anarkali Kurta Pant Dupatta Set - Designer Suit
Bollywood Party Kurta Kurtis Set Pakistani Salwar Kameez Gift For Her Eid Suit,Bollywood Kurta Kurti Set - Pakistani Eid Gift Salwar Kameez
Bollywood Pakistani Kurta Pant With Dupatta Set Indian Designer Fully Readymade,Pakistani Kurta Pant Dupatta Set - Readymade Designer Salwar
Fully Readymade Embroidery Work Salwar Kameez New Women Kurta Palazzo & Dupatta,Embroidery Work Salwar Kameez - Readymade Kurta Palazzo Dupatta
Summer Cotton Stitched Kurta Palazzo Dupatta Set Women Wear Kurta & Kurti Suits,Summer Cotton Kurta Palazzo Dupatta Set - Readymade Salwar Suit
Fully Readymade Kurta Pant Set Kurti Dupatta Set Indian Salwar Kameez Readymade,Readymade Kurta Pant Set - Kurti Dupatta Salwar Kameez Combo
Fully Stitched Kurta Pant Dupatta Set Indian Designer Salwar Kameez For Women's,Stitched Kurta Pant Dupatta Set - Designer Salwar Kameez Women
Pakistani Embroidered Salwar Kameez Fully Readymade Kurta Palazzo Dupatta Sets,Pakistani Embroidered Salwar Kameez - Readymade Kurta Palazzo
Indian Festival Wear Kurta Pant Set 100% COTTON Dresses For Women & Girls Stitch,Festival Kurta Pant Set - 100% Cotton Dresses for Women & Girls
Bollywood Wedding Wear Kurta Pant Dupatta Set Indian Designer Salwar Kameez Suit,Bollywood Wedding Kurta Pant Dupatta Set - Designer Salwar Suit
Indian Fully Readymade Kurta Pant Dupatta Set Wedding Partywear Kurtis/Kurtas,Readymade Kurta Pant Dupatta Set - Wedding Partywear Kurtis
100% COTTON Indian Anarkali Kurta Pant Sets Beautiful Designer Salwar Kameez Set,100% Cotton Anarkali Kurta Pant Set - Designer Salwar Kameez
Indian Handmade Alia Cut Kurta Palazzo Set Partywear Salwar Kameez Gift For Her,Handmade Alia Cut Kurta Palazzo Set - Partywear Salwar Kameez
Pakistani Shalwar Kameez Readymade Indian Wedding Wear Kurta Palazzo Dupatta Set,Pakistani Shalwar Kameez - Readymade Wedding Kurta Palazzo Set
Plus Size 7XL Kurta Palazzo Dupatta Set Indian Eid Special Big Size Salwar Suit,7XL Plus Size Kurta Palazzo Dupatta Set - Eid Salwar Kameez
Premium Chinon Silk Kurta Palazzo Dupatta Set Indian Wedding Wear Salwar Kameez,Premium Chinon Silk Kurta Palazzo Dupatta Set - Wedding Salwar
Fully Readymade Kurta Sharara & Dupatta Set Indian Festival Wear Salwar Kameez,Readymade Kurta Sharara Dupatta Set - Festival Salwar Kameez
Indian Bollywood Party Kurta Pant Set Designer Dupatta Salwar Kameez Top Tunic,Bollywood Party Kurta Pant Set - Designer Dupatta Salwar Kameez
FULLY READYMADE KURTA PALAZZO DUPATTA SET INDIAN WOMEN SALWAR KAMEEZ FESTIVAL,Readymade Kurta Palazzo Dupatta Set - Festival Salwar Kameez
Fully Readymade Women Palazzo Kurta Set Indian Salwar Kameez Diwali Christmas,Readymade Palazzo Kurta Set - Diwali Christmas Salwar Kameez
Women Bollywood Wear Kurta Palazzo Dupatta Set Pakistani Shalwar Kameez Stitched,Bollywood Kurta Palazzo Dupatta Set - Pakistani Shalwar Kameez
Pakistani Embroidered Salwar Kameez Readymade Bollywood Party Kurta Kurti Sets,Pakistani Embroidered Salwar Kameez - Readymade Kurta Kurti Set
Indian Readymade Salwar Kameez For Women Straight Kurta Palazzo Dupatta Set Suit,Readymade Salwar Kameez - Straight Kurta Palazzo Dupatta Set
Classy Haldi Yellow Kurta Pant Sets Designer Heavy Aari Work 2 Piece Combo Suits,Haldi Yellow Kurta Pant Set - Designer Aari Work Combo Suits
White Chikankari Kurta Palazzo Dupatta Set Indian Designer Wedding Wear Kurtas,White Chikankari Kurta Palazzo Dupatta Set - Wedding Wear Suit
Indian Women Salwar Kameez Readymade Suits Kurta Palazzo Dupatta Set 3 Pc Stitch,Readymade Salwar Kameez - Kurta Palazzo Dupatta Set 3 Piece
Fully Readymade Bollywood Party Salwar Kameez Women Palazzo Kurta Dupatta Sets,Bollywood Party Salwar Kameez - Readymade Kurta Palazzo Dupatta
Pure Cotton Fully Readymade Palazzo Kurta Dupatta Set Indian Designer Salwar Set,Pure Cotton Readymade Palazzo Kurta Dupatta Set - Designer Suit
Indian Ethnic Festival Wear Kurta Pant Set Women Ready To Wear Salwar Kameez Top,Ethnic Festival Kurta Pant Set - Ready to Wear Salwar Kameez
Fully Readymade Kurta Palazzo Dupatta Set Indian Designer Salwar Kameez Festival,Readymade Kurta Palazzo Dupatta Set - Festival Salwar Kameez
Fully Readymade Kurta Palazzo Dupatta Set Indian Salwar Kameez 3 Piece Combo Set,Readymade Kurta Palazzo Dupatta Set - 3 Piece Salwar Combo Set
Indian Wedding Wear Kurta Pant Dupatta Set Stylish Bollywood Salwar Kameez Suit,Wedding Kurta Pant Dupatta Set - Stylish Bollywood Salwar Suit
Cotton White Kurta Palazzo Dupatta Set Indian Festival Wear Dresses 3 Piece Set,Cotton White Kurta Palazzo Dupatta Set - Festival 3 Piece Dress
Wedding Wear Sharara Kurta Dupatta Set Indian Readymade Salwar Kameez For Women,Wedding Sharara Kurta Dupatta Set - Readymade Salwar Kameez
Indian Bollywood Wear Kurta Palazzo Dupatta Sets Ethnic Festival Wear Dresses,Bollywood Kurta Palazzo Dupatta Set - Ethnic Festival Dresses
WOMEN BOLLYWOOD PARTY KURTA PALAZZO DUPATTA SET INDIAN DESIGNER SALWAR KAMEEZ,Bollywood Party Kurta Palazzo Dupatta Set - Designer Salwar Suit
Fully Readymade Kurta Palazzo Dupatta Set Heavy Embroidery Work Salwar Kameez,Readymade Kurta Palazzo Dupatta Set - Heavy Embroidery Salwar
Summer Cotton Kurta Palazzo Dupatta Set Fully Readymade Women Wear Salwar Kameez,Summer Cotton Kurta Palazzo Dupatta Set - Readymade Salwar Suit
Plus Size upto 7XL Kurta Palazzo Dupatta Set Women Salwar Kameez For Wedding Set,7XL Plus Size Kurta Palazzo Dupatta Set - Wedding Salwar Kameez
INDIAN DESIGNER NEW SALWAR KAMEEZ READYMADE PALAZZO KURTA SET FOR WOMEN & GIRLS,Designer Salwar Kameez - Readymade Palazzo Kurta Set for Women
Fully Readymade Bollywood Party Salwar Kameez Women Palazzo Kurta Dupatta Sets,Bollywood Party Salwar Kameez - Readymade Kurta Palazzo Dupatta
Beautiful Black Palazzo Kurta Dupatta Set 3 Piece Combo Set Wedding Wear Dresses,Black Palazzo Kurta Dupatta Set - 3 Piece Wedding Wear Dress
Beautiful White Anarkali Kurta Kurtis Sets Hand Printed Anarkali Kurta Pant Sets,White Anarkali Kurta Kurti Set - Hand Printed Pant Suit Set
Pakistani Embroidered Salwar Kameez Women Kurta Pant & Dupatta Set 3 Piece Combo,Pakistani Embroidered Salwar Kameez - Kurta Pant Dupatta Combo
Indian Diwali Festival Wear Anarkali Kurta Pant Dupatta Set Women Salwar Kameez,Diwali Festival Anarkali Kurta Pant Dupatta Set - Salwar Kameez
Cotton Slub Mehendi Green Kurta With Pant 2 Piece Fully Stitched Readymade Suits,Cotton Slub Mehendi Green Kurta with Pant - 2 Piece Readymade
Fully Stitched Kurta Palazzo Dupatta Set Indian Designer Readymade Salwar Kameez,Stitched Kurta Palazzo Dupatta Set - Designer Readymade Salwar
Women Wedding Wear Kurta Palazzo Dupatta Set Fully Readymade Kurti Pant Sets New,Wedding Kurta Palazzo Dupatta Set - Readymade Kurti Pant Sets
Indian Women Wear Palazzo Kurta Set Gift For Her Cotton Salwar Kameez Readymade,Women Palazzo Kurta Set - Cotton Readymade Salwar Kameez Gift
Premium Chinon Silk Kurta Palazzo Dupatta Set Women Wear Readymade Salwar Kameez,Premium Chinon Silk Kurta Palazzo Dupatta Set - Readymade Salwar
Premium Muslin Kurta Palazzo Dupatta Set Indian Eid Festival Wear Salwar Kameez,Premium Muslin Kurta Palazzo Dupatta Set - Eid Festival Salwar
Indian Women Kurta Palazzo & Dupatta Set Women Designer Salwar Kameez Readymade,Women Kurta Palazzo Dupatta Set - Designer Readymade Salwar
INDIAN WEDDING WEAR PARTYWEAR KURTA DUPATTA SET SALWAR KAMEEZ FULLY READYMADE,Wedding Partywear Kurta Dupatta Set - Readymade Salwar Kameez
Women Pakistani Bollywood Kurtis & Kurtas Sets Indian Designer Palazzo Kurta Set,Pakistani Bollywood Kurti Set - Designer Palazzo Kurta Salwar
INDIAN FESTIVAL WEAR MIRROR WORK KURTA PALAZZO DUPATTA SET WOMEN SALWAR KAMEEZ,Festival Mirror Work Kurta Palazzo Dupatta Set - Salwar Kameez
Indian Festival Wear Women Kurta Palazzo Dupatta Set Salwar Kameez Plus Size 7XL,Festival Kurta Palazzo Dupatta Set - Plus Size 7XL Salwar Suit
Upcoming Festival Wear Kurta Palazzo Dupatta Sets Indian Designer Salwar Kameez,Festival Kurta Palazzo Dupatta Set - Designer Salwar Kameez
Women Wear White Salwar Kameez Readymade Bollywood Party Kurta Palazzo Dupatta,White Salwar Kameez - Readymade Bollywood Kurta Palazzo Dupatta
Pakistani Embroidered Salwar Kameez Fully Readymade Women Wear Kurta Pant Sets,Pakistani Embroidered Salwar Kameez - Readymade Kurta Pant Set
Women Flared Anarkali Kurta Pant With Designer Dupatta Set Bollywood Wear Dress,Flared Anarkali Kurta Pant with Dupatta Set - Bollywood Dress
Indian Wedding Wear Kurta Palazzo Dupatta Set Women Wear Salwar Kameez Readymade,Wedding Kurta Palazzo Dupatta Set - Readymade Salwar Kameez
Fully Readymade Kurta Patiala Dupatta Set Women Festival Wear Salwar Kameez Suit,Readymade Kurta Patiala Dupatta Set - Festival Salwar Kameez
Red Salwar Kameez Readymade For Women Indian Festival Wedding Wear Kurta Palazzo,Red Salwar Kameez - Readymade Wedding Kurta Palazzo Set
Bollywood Party Kurta Palazzo Dupatta Set Indian Designer Salwar Kameez Stitched,Bollywood Party Kurta Palazzo Dupatta Set - Designer Salwar Suit
Eid Festival Wear Kurta Palazzo Dupatta Set 3 Piece Combo Suit Set Wedding Wear,Eid Festival Kurta Palazzo Dupatta Set - 3 Piece Wedding Combo
Indian Diwali Festival Wear Palazzo Kurta Set Women Salwar Kameez Ready made Set,Diwali Festival Kurta Palazzo Set - Readymade Salwar Kameez
Fully Stitched Kurta Palazzo Dupatta Set 3 Piece Top Tunic Combo Salwar Kameez,Stitched Kurta Palazzo Dupatta Set - 3 Piece Salwar Kameez Combo
Fully Readymade Palazzo Kurta Dupatta Set Indian Designer Salwar Kameez Stitched,Readymade Palazzo Kurta Dupatta Set - Designer Salwar Kameez
Pakistani Embroidered Shalwar Kameez Readymade Indian Blue Kurta Palazzo Dupatta,Pakistani Embroidered Shalwar Kameez - Blue Kurta Palazzo Dupatta
Pakistani Embroidered Salwar Kameez Readymade Winter Wear Velvet Kurta Pant Sets,Pakistani Embroidered Salwar Kameez - Velvet Winter Kurta Pant Set
FULLY READYMADE BOLLYWOOD SUIT INDIAN FESTIVAL WEAR SALWAR KAMEEZ FOR WOMEN,Readymade Bollywood Suit - Festival Salwar Kameez for Women
Royal Blue Straight Kurta Pant Set Indian Readymade Women Salwar Kameez Suit Set,Royal Blue Kurta Pant Set - Readymade Salwar Kameez Suit
Women Wear Kurta Palazzo Dupatta Set Indian Wedding Eid Festival Wear Salwar Set,Wedding Eid Festival Kurta Palazzo Dupatta Set - Salwar Kameez
Premium Muslin Kurta Palazzo Dupatta Set Eid Special Salwar Kameez Readymade Set,Premium Muslin Kurta Palazzo Dupatta Set - Eid Readymade Salwar
WEDDING WEAR KURTA PALAZZO & DUPATTA SET INDIAN WOMEN SALWAR KAMEEZ READYMADE,Wedding Kurta Palazzo Dupatta Set - Readymade Salwar Kameez
Indian Bollywood Wear Kurta Pant Dupatta Set Pakistani Designer Salwar Kameez,Bollywood Kurta Pant Dupatta Set - Pakistani Designer Salwar
Yellow Haldi Wedding Wear Kurta Palazzo Dupatta Set Indian Bollywood Wear Kurtas,Yellow Haldi Kurta Palazzo Dupatta Set - Bollywood Wedding Wear
Premium Cotton Kurta Pant With Dupatta Set Indian Readymade Salwar Kameez Yellow,Premium Cotton Kurta Pant Dupatta Set - Yellow Readymade Salwar Kameez
Plus Size Anarkali Kurta Pant With Designer Dupatta Set Big Size Upto 6XL Kurtis,Plus Size Anarkali Kurta Pant Dupatta Set - Upto 6XL Designer Kurtis
Pakistani Embroidered Readymade Salwar Kameez Indian Haldi Yellow Kurta Pant Set,Pakistani Embroidered Yellow Kurta Pant Set - Readymade Haldi Wear
Pure Georgette Kurta Palazzo Dupatta Set Indian Embroidered Salwar Kameez Combo,Pure Georgette Kurta Palazzo Dupatta Set - Embroidered Salwar Kameez
FULLY READYMADE KURTA PALAZZO DUPATTA SUIT SET INDIAN COTTON SALWAR KAMEEZ SUITS,Readymade Cotton Kurta Palazzo Dupatta Set - Indian Salwar Kameez Suit
Wedding Party Women Wear Dresses Indian Designer Salwar Kameez Readymade Suits,Wedding Party Wear Kurta Palazzo Dupatta Set - Designer Salwar Kameez
Indian Festival Wear Kurta Palazzo Dupatta Set 3 Piece Combo Fully Stitched Suit,Festival Wear Kurta Palazzo Dupatta Set - 3 Piece Stitched Suit Combo
Fully Readymade Women Kurta Pant Dupatta Set Indian Festival Wear Palazzo Kurta,Readymade Kurta Pant Dupatta Set - Indian Festival Wear Palazzo Kurta
Wedding Wear Kurta Palazzo Dupatta Set Indian Designer Kurtis & Kurtas Combo Set,Wedding Kurta Palazzo Dupatta Set - Designer Kurtis & Kurtas Combo
Plus Size upto 7XL Anarkali Kurta With Palazzo Set Stitched Women Kurta Pant Set,Plus Size Anarkali Kurta Palazzo Set - Upto 7XL Stitched Kurta Pant
Indian Wedding Wear Kurta Palazzo Dupatta Set Summer Cotton Fully Stitched Suits,Summer Cotton Wedding Kurta Palazzo Dupatta Set - Readymade Salwar Suit
Indian Designer Yellow Kurta Sharara Set Kurta Kurti Set Wedding Special Suits,Yellow Kurta Sharara Dupatta Set - Indian Designer Wedding Special
Plus Size Upto 7XL Women Wear Kurta Palazzo Set 2 Piece Combo Big Size Kurta Set,Plus Size Kurta Palazzo Set - Upto 7XL Big Size 2 Piece Combo
Upcoming Eid Festival Wear Kurta Palazzo Dupatta Set Wedding Wear Kurta Kurtis,Eid Festival Kurta Palazzo Dupatta Set - Wedding Wear Kurta Kurtis
Premium Chinon Silk Kurta Palazzo Dupatta Set Wedding Bollywood Party Salwar Set,Premium Chinon Silk Kurta Palazzo Dupatta Set - Bollywood Party Wear
Hot Red Eid Special Kurta Palazzo With Designer Dupatta Gift For Her Salwar Suit,Hot Red Eid Special Kurta Palazzo Dupatta Set - Gift for Her Salwar Suit
Aliya Cut Kurta Palazzo Dupatta Set Indian Designer Kurti Pant Set Readymade New,Aliya Cut Kurta Palazzo Dupatta Set - Indian Designer Readymade Kurti
Wedding Wear Readymade Straight Kurta Palazzo Dupatta Set 3 Piece Combo Dresses,Wedding Straight Kurta Palazzo Dupatta Set - 3 Piece Readymade Dress
Christmas Wear Winter Collection For Women Kurta Palazzo Dupatta Set Salwar Suit,Christmas Winter Collection Kurta Palazzo Dupatta Set - Salwar Suit
Indian Women Designer Flared Kurta Pant With Dupatta Set Festival Wear Suits Set,Designer Flared Kurta Pant Dupatta Set - Festival Wear Salwar Kameez
Women Wear Bollywood Party Kurta Sharara Dupatta Set Salwar Suit Kameez For Eid,Bollywood Party Kurta Sharara Dupatta Set - Eid Special Salwar Suit
Indian Wedding Wear Palazzo Kurta Dupatta Set Women Salwar Kameez Ready Made Set,Wedding Palazzo Kurta Dupatta Set - Readymade Salwar Kameez for Women
Indian Women Kurti Pant Sets Side Cut Stitched Kurta Palazzo Readymade Top Tunic,Side Cut Kurti Pant Set - Stitched Kurta Palazzo Readymade Top Tunic
Summer Cotton Kurti Pant Dupatta Set Indian Women Wear Readymade Salwar Kameez,Summer Cotton Kurti Pant Dupatta Set - Readymade Salwar Kameez for Women
Pure Silk Fully Readymade Palazzo Kurta Dupatta Set Eid Festival Wear Salwar Set,Pure Silk Readymade Palazzo Kurta Dupatta Set - Eid Festival Salwar Suit
Wedding Wear Stitched Kurta Palazzo Dupatta Set Pakistani Readymade Salwar Suits,Wedding Kurta Palazzo Dupatta Set - Pakistani Readymade Salwar Suits
Indian Wedding Wear Kurta Palazzo Dupatta Set Fully Readymade Salwar Palazzo Set,Wedding Kurta Palazzo Dupatta Set - Readymade Salwar Palazzo Combo
Yellow Kurta Palazzo Dupatta Set Indian Bollywood Wear Kurtis For Eid Festival,Yellow Kurta Palazzo Dupatta Set - Bollywood Eid Festival Wear
Indian Festival Wear Kurta Palazzo Dupatta Set Designer Anarkali Kurta Kurti Set,Festival Kurta Palazzo Dupatta Set - Designer Anarkali Kurta Kurti Set
Fully Readymade Velvet Kurta Palazzo Dupatta Set Indian Women Salwar Kameez Sets,Velvet Kurta Palazzo Dupatta Set - Readymade Salwar Kameez for Women
Indian Wedding Wear Salwar Kameez Readymade Bollywood Partywear Kurta Palazzo,Wedding Salwar Kameez Readymade - Bollywood Party Kurta Palazzo Set
Indian Wedding Wear Lehenga Choli Dupatta Set Fully Readymade Navratri Lehengas,Wedding Lehenga Choli Dupatta Set - Readymade Navratri Lehenga Choli
Bollywood Pakistani Embrpoidered Kurta Sharara Dupatta Set Indian Wedding Wear,Pakistani Embroidered Kurta Sharara Dupatta Set - Wedding Wear
Indian Fully Readymade Kurta Pant Dupatta Set Wedding Partywear Kurtis/Kurtas,Readymade Kurta Pant Dupatta Set - Wedding Partywear Kurtis/Kurtas
Indian Wedding Wear Straight Kurta Set Women Readymade Salwar Kameez Combo Sets,Wedding Straight Kurta Set - Readymade Salwar Kameez Combo for Women
Indian Festival Wedding Kurta Palazzo Dupatta Partywear Anarkali Set for Women,Festival Wedding Kurta Palazzo Dupatta Set - Partywear Anarkali for Women
FULLY READYMADE KURTA PALAZZO DUPATTA SET WOMEN SALWAR KAMEEZ DIWALI FESTIVAL,Readymade Kurta Palazzo Dupatta Set - Diwali Festival Salwar Kameez
Blue Embroidered Moti Palazzo Kurta Dupatta Set Indian Salwar Kameez Readymade,Blue Embroidered Moti Palazzo Kurta Dupatta Set - Readymade Salwar Kameez
Fully Readymade Kurta Pant Dupatta Set Indian Women Designer Wedding Wear Dress,Readymade Kurta Pant Dupatta Set - Designer Wedding Wear for Women
Indian Women Kurta Kurti Set Silk Dupatta Pakistani Embroidered Kurta Palazzo,Kurti Pant Set with Silk Dupatta - Pakistani Embroidered Kurta Palazzo
Fully Readymade Kurta Palazzo Dupatta Set Indian Bollywood Wear 3 Piece Suit Set,Readymade Kurta Palazzo Dupatta Set - Bollywood 3 Piece Suit Combo
Fully Readymade Kurta Palazzo Dupatta Set Women Wedding Wear Salwar Kameez Suits,Readymade Kurta Palazzo Dupatta Set - Wedding Salwar Kameez for Women
Beautiful Black Kurta Pant With Designer Dupatta Set Heavy Velvet Anarkali Kurta,Black Kurta Pant with Designer Dupatta Set - Heavy Velvet Anarkali Kurta
Fully Readymade Indian Festival Wear Kurta Pant Set Salwar Kameez Fully Stitched,Readymade Festival Kurta Pant Set - Fully Stitched Salwar Kameez
Pakistani Embroidered Salwar Kameez Readymade Women Kurta Palazzo Dupatta Eid,Pakistani Embroidered Salwar Kameez - Readymade Kurta Palazzo Dupatta
Indian Wedding Wear Kurta Palazzo Dupatta Set Women Winter Wear Salwar Kameez,Wedding Kurta Palazzo Dupatta Set - Winter Wear Salwar Kameez for Women
Wedding Wear Kurta Palazzo Dupatta Set Indian Readymade Salwar Kameez Suit Sets,Wedding Kurta Palazzo Dupatta Set - Readymade Salwar Kameez Suit Combo
Pure Silk Kurta Palazzo Dupatta Set Eid Festival Wedding Wear Salwar Kameez Set,Pure Silk Kurta Palazzo Dupatta Set - Eid Festival Wedding Salwar Kameez
Indian Festival Wear Kurta Palazzo Dupatta Set Women Readymade Salwar Kameez Set,Festival Kurta Palazzo Dupatta Set - Readymade Salwar Kameez for Women
Indian Bollywood Wear Kurti Pant Dupatta Set 3 Piece Salwar Kameez READYMADE SET,Bollywood Kurti Pant Dupatta Set - 3 Piece Readymade Salwar Kameez
Indian Designer Aari Work Kurta Pant Set Pakistani Women Salwar Kameez Readymade,Designer Aari Work Kurta Pant Set - Pakistani Readymade Salwar Kameez
Yellow Eid Festival Wear Kurta Palazzo Dupatta Set Indian Designer Salwar Kameez,Yellow Eid Festival Kurta Palazzo Dupatta Set - Designer Salwar Kameez
Long Slit Aliya Cut Kurta Palazzo Dupatta Set Indian Eid Festival Wear Kurtas,Long Slit Aliya Cut Kurta Palazzo Dupatta Set - Eid Festival Wear
Fully Readymade Eid Festival Wear Kurta Palazzo Dupatta Set Anarkali Flared Suit,Readymade Eid Festival Kurta Palazzo Dupatta Set - Anarkali Flared Suit
Gift For Her Festival/Wedding Wear Salwar Suit Straight Kurta Palazzo Dupatta,Gift for Her Festival Wedding Salwar Suit - Straight Kurta Palazzo Dupatta
Yellow Kurta Palazzo & Dupatta Set Indian Salwar Kameez Wedding Wear Dresses Set,Yellow Kurta Palazzo Dupatta Set - Wedding Salwar Kameez Dress Combo
FULLY STITCHED BLACK SALWAR KAMEEZ READYMADE INDIAN BOLLYWOOD WEAR KURTI PANT,Black Readymade Salwar Kameez - Bollywood Kurti Pant Fully Stitched Set
Fully Readymade Kurta Pant Sets Women Designer Ethnic Salwar Kameez Suits Set,Readymade Kurta Pant Sets - Designer Ethnic Salwar Kameez for Women
INDIAN WEDDING WEAR PINK KURTA PALAZZO DUPATTA WOEMN SALWAR KAMEEZ SUMMER COTTON,Wedding Wear Pink Kurta Palazzo Dupatta Set - Summer Cotton Salwar Kameez
Fully Readymade Women Kurta Sharara Designer Dupatta Set Pakistani Salwar Kameez,Readymade Kurta Sharara Dupatta Set - Pakistani Salwar Kameez for Women
Indian Elegant Kurta Pant Sets Naira Cut Palazzo Kurta Set 2 Piece Combo Top New,Elegant Kurta Pant Sets - Naira Cut Palazzo Kurta 2 Piece Combo
INDIAN DESIGNER NEW SALWAR KAMEEZ READYMADE SET PALAZZO KURTA DUPATTA TOP TUNIC,Designer Readymade Salwar Kameez Set - Palazzo Kurta Dupatta Top Tunic
Pakistani Salwar Kameez Stitched Women Wear Kurta Palazzo With Dupatta For Eid,Pakistani Salwar Kameez Readymade - Kurta Palazzo Dupatta for Eid
Bollywood Party Wear Kurta Palazzo Dupatta Set 3 Piece Stitched Wedding Wear Set,Bollywood Party Kurta Palazzo Dupatta Set - 3 Piece Wedding Wear Combo
Indian Women Kurta Palazzo Dupatta Set Pakistani Embroidered Salwar Kameez Suits,Kurta Palazzo Dupatta Set - Pakistani Embroidered Salwar Kameez for Women
Pakistani Wedding Wear Salwar Kameez Suit Indian Kurtis & Kurtas Sets Stitched,Pakistani Wedding Salwar Kameez Suit - Indian Readymade Kurtis & Kurtas
Indian Navratri Wear Lehenga Choli Set Women Wedding Wear Lehenga Dupatta Sets,Navratri Lehenga Choli Set - Wedding Wear Lehenga Dupatta for Women
Pakistani Eid Special Salwar Kameez Readymade Fully Stitched Kurta Palazzo Set,Pakistani Eid Special Salwar Kameez - Readymade Kurta Palazzo Set
Indian Salwar Kameez Readymade Women Cotton Palazzo Kurta Dupatta For Festival,Festival Cotton Kurta Palazzo Dupatta Set - Readymade Salwar Kameez for Women
Readymade Pakistani Salwar Kameez Summer South Cotton Kurta Palazzo Dupatta Sets,Readymade Salwar Kameez - Summer Cotton Kurta Palazzo Dupatta Sets
Fully Stitched Readymade Salwar Kameez Indian Designer Plus Size Kurta Palazzo,Readymade Salwar Kameez - Designer Plus Size Kurta Palazzo Fully Stitched
Premium Silk Kurta Palazzo Dupatta Set Stitched Salwar Kameez Suit Kurta Kurti,Premium Silk Kurta Palazzo Dupatta Set - Stitched Salwar Kameez Suit
FULLY READYMADE KURTA PALAZZO DUPATTA SET INDIAN WEDDING WEAR SALWAR KAMEEZ SETS,Readymade Kurta Palazzo Dupatta Set - Wedding Salwar Kameez for Women
Indian Wedding Wear Palazzo Kurta Dupatta Set Bollywood Party Salwar Kameez Suit,Wedding Palazzo Kurta Dupatta Set - Bollywood Party Salwar Kameez Suit
Bollywood Party Wear Kurta Palazzo Dupatta Set 3 Piece Women Salwar Kameez Suits,Bollywood Party Kurta Palazzo Dupatta Set - 3 Piece Salwar Kameez for Women
Women Wedding Wear Anarkali Kurta Pant Dupatta Set Designer Salwar Kameez Suits,Wedding Anarkali Kurta Pant Dupatta Set - Designer Salwar Kameez for Women
Indian Summer Cotton Kurta Palazzo Dupatta Set Readymade Salwar Kameez Dresses,Summer Cotton Kurta Palazzo Dupatta Set - Readymade Salwar Kameez Dresses
HEAVY EMBROIDERED SHALWAR KAMEEZ DIWALI FESTIVAL WEAR KURTA PALAZZO DUPATTA SET,Heavy Embroidered Salwar Kameez - Diwali Festival Kurta Palazzo Dupatta Set
Blue Readymade Salwar Kameez 2 Piece Combo Set Women Kurta Palazzo Set For Eid,Blue Readymade Salwar Kameez - 2 Piece Kurta Palazzo Combo for Eid
Pakistani Readymade Salwar Kameez For Women Indian Kurta Palazzo Dupatta Suits,Pakistani Readymade Salwar Kameez - Kurta Palazzo Dupatta for Women
Indian Designer Kurta Palazzo Dupatta Set Women Salwar Kameez Ready To Wear Suit,Designer Kurta Palazzo Dupatta Set - Readymade Salwar Kameez for Women
Bollywood Party Panjabi Style Patiala Kurta Dupatta Set Wedding Festival Wear,Bollywood Party Punjabi Patiala Kurta Dupatta Set - Wedding Festival Wear
Gift For Eid Kurta Palazzo Dupatta Set Indian Salwar Kameez Readymade 3 Piece,Eid Gift Kurta Palazzo Dupatta Set - Readymade Salwar Kameez 3 Piece
Hot Red Pakistani Embroidered Salwar kameez Readymade Aliya Cut Kurta Palazzo,Hot Red Pakistani Embroidered Salwar Kameez - Readymade Aliya Cut Kurta
Fully Readymade Women Kurta Palazzo & Dupatta Set Indian Festival Wear 3 Pc Sets,Readymade Kurta Palazzo Dupatta Set - Festival Wear 3 Piece Combo for Women
Indian Designer Pink Anarkali Kurta Pant & Dupatta Set Beautiful Salwar Kameez,Designer Pink Anarkali Kurta Pant Dupatta Set - Beautiful Salwar Kameez
Heavy Georgette Black Salwar Kameez Women Wear Kurta Sharara Dupatta Set Stitch,Heavy Georgette Black Salwar Kameez - Kurta Sharara Dupatta Set for Women
Pakistani Readymade Salwar Kameez Red & Blue Kurta Kurti Sets Palazzo Kurta Set,Pakistani Readymade Salwar Kameez - Red & Blue Kurta Palazzo Set
Blue Readymade Salwar Kameez Indian Festival Wedding Wear Kurta Palazzo Dupatta,Blue Readymade Salwar Kameez - Festival Wedding Kurta Palazzo Dupatta Set
Women Readymade Salwar Kameez Indian Festival Wear Palazzo Kurta Set Gift Her,Readymade Salwar Kameez - Festival Wear Palazzo Kurta Set Gift for Her
PAKISTANI SALWAR KAMEEZ FOR WOMEN WEAR BOLLYWOOD PARTY KURTA PALAZZO DUPATTA SET,Pakistani Salwar Kameez for Women - Bollywood Kurta Palazzo Dupatta Set
Indian Women Wear Designer Anarkali Kurta Kurtis Set Eid Festival Wear Kurta Set,Designer Anarkali Kurta Kurti Set - Eid Festival Wear for Women
Haldi Wedding Wear Kurta Dhoti Dupatta Set Velvet Kurtas Indian Salwar Kameez,Haldi Wedding Kurta Dhoti Dupatta Set - Velvet Salwar Kameez for Women
FULLY READYMADE BOLLYWOOD SUIT WOMEN KURTA PALAZZO DUPATTA SET INDIAN SALWAR SET,Readymade Bollywood Suit - Kurta Palazzo Dupatta Set Indian Salwar Combo
Indian Designer Partywear Kurta Dupatta Set Bridal Look Anarkali Gown Set Suits,Designer Partywear Kurta Dupatta Set - Bridal Look Anarkali Gown Suit
Fully Readymade Kurta Palazzo Dupatta Set Indian Salwar Kameez 3 Piece Combo Set,Readymade Kurta Palazzo Dupatta Set - Salwar Kameez 3 Piece Combo
Pakistani Wedding Wear Kurta Pant Sets Women's Diwali Wear Red Salwar Kameez,Pakistani Wedding Kurta Pant Sets - Diwali Wear Red Salwar Kameez for Women
Indian Festival/Wedding/Bollywood Wear Kurta Palazzo Dupatta Set 3 Piece Combo,Festival Wedding Bollywood Kurta Palazzo Dupatta Set - 3 Piece Combo
BOLLYWOOD WEDDING WEAR KURTA PALAZZO DUPATTA SET WOMEN WEAR KURTA PANT SUIT SET,Bollywood Wedding Kurta Palazzo Dupatta Set - Women Kurta Pant Suit Combo
Fully Readymade Women Salwar Kameez Kurta Palazzo Dupatta Set For Festival Wear,Readymade Salwar Kameez - Kurta Palazzo Dupatta Set for Festival Wear
Rajasthani Stylish Kurta Palazzo Dupatta Set Wedding Wear 3 Piece Readymade Set,Rajasthani Stylish Kurta Palazzo Dupatta Set - Wedding 3 Piece Readymade Set
Aliya Cut Kurta Pant Designer Dupatta Set Indian Salwar Kameez Stitched For Gift,Aliya Cut Kurta Pant Designer Dupatta Set - Salwar Kameez Gift for Women
Indian Punjabi Patiala Kurta With Dupatta Set Women Salwar Kameez Readymade,Punjabi Patiala Kurta with Dupatta Set - Readymade Salwar Kameez for Women
Fully Readymade Salwar Kameez Stitched Women Wear Palazzo Kurta Dupatta Suit Set,Readymade Salwar Kameez - Palazzo Kurta Dupatta Suit Set for Women
Green Palazzo Kurta & Dupatta Set 3 Piece Stitched Combo Wedding Festival Wear,Green Palazzo Kurta Dupatta Set - 3 Piece Wedding Festival Wear Combo
Eid Festival Wear Kurta Palazzo Dupatta Set Indian Fully Readymade Kurta Palazzo,Eid Festival Kurta Palazzo Dupatta Set - Readymade Kurta Palazzo for Women
Fully Readymade Wedding Wear Velvet Kurta Dhoti Set Bollywood Pakistani Combo,Readymade Wedding Velvet Kurta Dhoti Set - Bollywood Pakistani Combo
Indian Designer Kurti Pant Sets Floral Printed Palazzo Kurta Women Salwar Kameez,Designer Kurti Pant Sets - Floral Printed Palazzo Kurta Salwar Kameez
Haldi Yellow Wedding Wear Kurta Pant Dupatta Set Indian Designer Salwar Kameez,Haldi Yellow Wedding Kurta Pant Dupatta Set - Designer Salwar Kameez
Pakistani Designer Palazzo Kurta Set And Dupatta Women Bollywood Wear Kurti Pant,Pakistani Designer Palazzo Kurta Dupatta Set - Bollywood Kurti Pant Combo
Bollywood Wedding Wear Kurta Pant Dupatta Set Indian Designer Salwar Kameez Suit,Bollywood Wedding Kurta Pant Dupatta Set - Designer Salwar Kameez Suit
Indian Festival Wear Kurta Palazzo Dupatta Set Women Wedding Wear Dresses Suits,Festival Kurta Palazzo Dupatta Set - Wedding Wear Dresses for Women
Summer Cotton Kurta Palazzo Dupatta Set Indian Women Wedding Wear Salwar Kameez,Summer Cotton Kurta Palazzo Dupatta Set - Wedding Salwar Kameez for Women
Premium Silk Kurta Palazzo Dupatta Set Indian Wedding Wear Salwar Kameez Dresses,Premium Silk Kurta Palazzo Dupatta Set - Wedding Salwar Kameez Dresses
Indian Women Bollywood Suit Readymade Kurta Pant Set Stitched 2 Piece Palazzo,Bollywood Suit Readymade Kurta Pant Set - Stitched 2 Piece Palazzo for Women
Plus Size 7XL Kurta Palazzo Dupatta Set Indian Designer Women Salwar Kameez Suit,Plus Size 7XL Kurta Palazzo Dupatta Set - Designer Salwar Kameez for Women
Indian Wedding Wear Flared Kurta Pant Dupatta Set Bollywood suits For women,Wedding Flared Kurta Pant Dupatta Set - Bollywood Suits for Women
Pakistani Embroidered Kurta Palazzo Dupatta Set Indian Salwar Kameez For Eid Set,Pakistani Embroidered Kurta Palazzo Dupatta Set - Eid Salwar Kameez Combo
Green Mehndi Wear Kurta Pant Dupatta Set Indian Elegant Bollywood Wear Combo Set,Green Mehndi Kurta Pant Dupatta Set - Elegant Bollywood Wear Combo
Wedding Wear Palazzo Kurta Set Stitched Straight Kurta And Kurtis Set 3 Piece,Wedding Palazzo Kurta Set - Stitched Straight Kurta Kurtis 3 Piece Set
Diwali Navratri Festival Wear Palazzo Kurta Set Red Salwar Kameez Ready Made Top,Diwali Navratri Palazzo Kurta Set - Red Readymade Salwar Kameez Top
Heavy Velvet Kurta Palazzo Dupatta Set Fully Readymade Salwar Kameez Suits Sets,Heavy Velvet Kurta Palazzo Dupatta Set - Readymade Salwar Kameez Suits
Plus Size Upto 3XL Kurta Pant Set Indian Designer Salwar Kameez Top Tunic Combo,Plus Size Upto 3XL Kurta Pant Set - Designer Salwar Kameez Top Tunic Combo
Plus Size Kurta With Dupatta Set For Women Size Upto 7XL Kurtis & Kurtas Suit,Plus Size Kurta Dupatta Set - Upto 7XL Kurtis & Kurtas Suit for Women
Hot Black Flared Anarkali Kurta Pant Dupatta Set Indian Designer Kurtis & Kurtas,Black Flared Anarkali Kurta Set with Dupatta - Designer Indian Wear
Wedding Special Blue Anarkali Gown Sets Eid Special Heavy Work Salwar Kameez Set,Blue Anarkali Gown Set with Heavy Embroidery - Eid & Wedding Special
Pakistani Women Salwar Kameez Readymade Indian Wedding Festival Wear Kurti Pant,Pakistani Readymade Salwar Kameez Set - Festival & Wedding Wear
FULLY READYMADE KURTA PALAZZO SET DUPATTA INDIAN WEDDING WEAR SALWAR KAMEEZ SUIT,Readymade Kurta Palazzo Dupatta Set - Indian Wedding Salwar Kameez
Embroidered Work Women Kurta Pant Dupatta Set Indian Salwar Kameez 3 Piece Combo,Embroidered Kurta Pant Dupatta Set - 3-Piece Indian Salwar Kameez
Indian Designer Kurti Pant Set Salwar Kameez Readymade For Women & Girls Ethnic,Designer Kurti Pant Set - Readymade Salwar Kameez for Women & Girls
Pakistani Bollywood Wear Kurta Palazzo Dupatta Set Wedding/ Festival Wear Kurtis,Pakistani Bollywood Kurta Palazzo Set - Wedding & Festival Wear
Yellow Kurta Palazzo Dupatta Set Indian Designer Salwar Kameez 3 Piece Combo Set,Yellow Designer Kurta Palazzo Dupatta Set - 3-Piece Salwar Kameez
Bollywood Partywear Salwar Kameez India Elegant Palazzo Kurta Set For Women Wear,Bollywood Partywear Salwar Kameez - Elegant Kurta Palazzo Set
Women Wear Bollywood Partywear Kurta Palazzo Dupatta Set 3 Piece Salwar Kameez,Women's Bollywood Party Kurta Palazzo Set - 3-Piece Salwar Kameez
Indian Readymade Kurta Palazzo Dupatta Set Indian Women Festival Wear 3 Piece,Indian Festival Kurta Palazzo Set - Readymade 3-Piece Combo Suit
Wedding Party Wear Salwar Kameez Readymade Women Wear Palazzo Kurta Dupatta Sets,Wedding Party Kurta Palazzo Set - Women Salwar Kameez Ready to Wear
FULLY READYMADE KURTA PALAZZO DUPATTA SET INDIAN WEDDING WEAR SALWAR KAMEEZ SETS,Readymade Kurta Palazzo Dupatta Set - Bridal Salwar Kameez Outfit
Plus Size Up to 7XL Kurta Palazzo Dupatta Set Indian Wedding Special Kurta Pant,Plus Size 7XL Kurta Palazzo Set - Indian Wedding Wear Salwar Suit
Indian Women Salwar Kameez Readymade For Diwali Festival Pakistani Palazzo Kurta,Readymade Diwali Salwar Kameez Set - Kurta Palazzo Dupatta Combo
Gift For Eid Kurta Palazzo Dupatta Set Indian Salwar Kameez Readymade 3 Piece,Eid Gift Kurta Palazzo Set - Indian Readymade Salwar Kameez Outfit
Indian Punjabi Wear Kurta Dhoti Designer Dupatta Set Readymade Salwar Kameez Top,Designer Dhoti Kurta Dupatta Set - Punjabi Readymade Salwar Kameez
Indian Women Kurta Palazzo Dupatta Set Pakistani Embroidered Salwar Kameez Suits,Pakistani Kurta Palazzo Dupatta Set - Embroidered Salwar Kameez
Pakistani Embroidered Salwar Kameez Readymade Women Wear Kurta Palazzo Dupatta,Heavy Embroidered Kurta Palazzo Set - Pakistani Style Suit for Women
A-line Kurta & Kurti Set Indian Designer Stitched Palazzo Kurta Dupatta Suit Set,A-Line Kurta Palazzo Dupatta Set - Indian Designer Readymade Suit
Plus Size Upto 7XL Kurta Palazzo Dupatta Set Indian Elegant Salwar Kameez Suits,Plus Size 7XL Salwar Kameez Set - Designer Kurta Palazzo Dupatta
Bollywood Pakistani Kurta Pant Dupatta Set Wedding Wear Kurti Pant Set Top Combo,Bollywood Kurti Pant Dupatta Set - Wedding Wear Salwar Kameez Combo
FULLY READYMADE KURTA PALAZZO DUPATTA SET WEDDING/FESTIVAL WEAR SALWAR KAMEEZ,Readymade Kurta Palazzo Dupatta - Festival Salwar Kameez Suit Set
Pakistani Women Embroidery Salwar Kameez Readymade Indian Ethnic /Festival Wear,Pakistani Embroidered Salwar Kameez - Indian Ethnic Readymade Suit
Big Size Women Wear Kurta Palazzo With Dupatta Set Plus Size S to 7XL Kurtas Set,Plus Size Kurta Palazzo Set - S to 7XL Indian Salwar Kameez for Women
Fully Readymade Women Palazzo Kurta Dupatta Set Indian Bollywood Wear Suits Sets,Bollywood Readymade Suit Set - Kurta Palazzo Dupatta Combo for Women
Fully Readymade Kurta Palazzo Dupatta Set Top Tunic Combo Wedding Wear Dresses,Wedding Kurta Palazzo Suit - Readymade Dupatta Combo for Functions
Fully Readymade Straight Kurta Palazzo Dupatta Wedding Bollywood Wear Salwar Set,Straight Kurta Palazzo Dupatta - Bollywood Readymade Salwar Kameez
Wedding Party Women Wear Dresses Indian Designer Salwar Kameez Readymade Suits,Designer Anarkali Palazzo Set - Readymade Wedding Kurta Dupatta
Eid Festival Wear New Salwar Kameez Readymade Wedding Party Wear Kurta Palazzo,Festival Ready Kurta Palazzo Set - Eid Special Salwar Kameez Suit
Indian Women Readymade Kurta Palazzo Dupatta Set Designer Eid Wear 3 Piece Combo,Anarkali Kurta Palazzo Set - Readymade Designer Salwar Kameez Suit
Big Size Women Kurta Palazzo Dupatta Set Wedding Wear Plus Size Suits Stitched,Blue Designer Kurta Set - Wedding Palazzo Dupatta Salwar Kameez Combo
Fully Readymade Wedding Wear Anarkali Kurta Palazzo Dupatta Set Salwar Kameez,Red Bridal Kurta Palazzo Dupatta Set - Indian Wedding Ready Salwar Suit
Pakistani Embroidered Salwar Kameez Readymade Women Wear Palazzo Kurta Suit Set,Embroidered Pakistani Suit - Readymade Kurta Palazzo Dupatta Set
Indian Women Cotton Kurta Palazzo Dupatta Set Beautiful Salwar Kameez Readymade,Cotton Palazzo Kurta Set - Indian Designer Readymade Salwar Kameez
Indian Khadi Cotton Kurta Pant & Dupatta Set Indian Festival/Wedding Wear Dress,Khadi Cotton Kurta Pant Set - Festival Wedding Dupatta Dress Combo
Indian Designer Anarkali Kurta With Pant Dupatta Set Wedding Special Kurta Kurti,Wedding Anarkali Kurta Set - Designer Pant Dupatta Readymade Outfit
Pakistani Embroidery Salwar Kameez Readymade Palazzo Kurta Dupatta 3 Piece Combo,Pakistani 3-Piece Suit - Embroidery Kurta Palazzo Dupatta Readymade
Indian Wedding Wear Plus Size 7XL Anarkali Gown Set With Designer Dupatta Eid,Plus Size Wedding Anarkali Set - 7XL Gown with Dupatta for Eid
Indian Readymade Salwar Kameez Pure Velvet Winter Wear Kurta Palazzo Dupatta Set,Velvet Winter Kurta Palazzo Set - Indian Readymade Salwar Kameez
Pure Silk Top Palazzo With Dupatta For Women Wear Embroidery Work Salwar Kameez,Pure Silk Kurta Palazzo Dupatta - Embroidered Salwar Kameez for Women
PURE SILK BOLLYWOOD PARTY SALWAR KAMEEZ PAKISTANI TOP PALAZZO & DUPATTA SUIT SET,Silk Pakistani Suit Set - Bollywood Kurta Palazzo with Dupatta Combo
Women Anarkali Kurta With Pant Sets Indian Designer Salwar Kameez Readymade Suit,Anarkali Kurta Pant Set - Indian Designer Readymade Salwar Suit
HEAVY EMBROIDERY WORK SALWAR KAMEEZ READYMADE INDIAN WOMEN KURTI PANT SETS TOP,Heavy Embroidered Kurti Pant Set - Indian Women Salwar Kameez Combo
Bollywood Wedding Wear Blue Kurta Palazzo Dupatta Set Indian Designer Salwar Set,Blue Kurta Palazzo Dupatta Set - Bollywood Wedding Designer Salwar
Indian Wedding Wear Lehenga Choli Dupatta Set Fully Readymade Navratri Lehengas,Readymade Lehenga Choli Dupatta Set - Indian Wedding Navratri Wear
Heavy Georgette Palazzo Kurta Dupatta Set Festival/Bollywood Party Salwar Kameez,Georgette Kurta Palazzo Set - Partywear Festival Salwar Kameez Dress
Pure Georgette Kurta Sharara Dupatta Set Indian Embroidery Work Salwar Kameez,Georgette Sharara Kurta Set - Embroidered Salwar Kameez Dupatta Suit
S To 7XL Size Kurta Palazzo Set Indian Designer Salwar Kameez Readymade 2 Piece,Designer Kurta Palazzo 2-Piece Set - S to 7XL Readymade Salwar Suit
Pure White Kurta Pant With Designer Dupatta Set Indian Designer Wedding Wear Set,White Kurta Pant Dupatta Set - Indian Designer Wedding Wear Outfit
Indian Kurta Palazzo Dupatta Set 3 Piece Combo Wedding Wear Salwar Kameez Suits,3-Piece Kurta Palazzo Dupatta Set - Wedding Readymade Salwar Kameez
Indian Wedding Wear Full Flared Kurta Dupatta Set Festival Wear Anarkali Gowns,Flared Anarkali Kurta Set - Indian Festival Wear Dupatta Combo Gown
Indian Wedding Wear Anarkali Kurta Pant Dupatta Sets Women Readymade Salwar Suit,Readymade Anarkali Kurta Set - Wedding Salwar Kameez with Dupatta
Eid Festival Wedding Wear Kurta Palazzo Dupatta Set 3 Piece Salwar Kameez Stitch,Festival Kurta Palazzo Suit Set - Eid Wear Readymade Salwar Kameez
Indian Bollywood Party Wear Kurti Pant Set Eid Festival Wear Salwar Kameez Sets,Bollywood Kurti Pant Suit - Eid Festival Salwar Kameez for Women
Premium Muslin Kurta Kurti Set Sequence With Mirror Work Salwar Kameez Readymade,Premium Muslin Mirror Work Suit - Readymade Designer Salwar Kameez
Pure Organza Kurta Palazzo Dupatta Set Bollywood Party Salwar Kameez Readymade,Organza Kurta Palazzo Set - Bollywood Partywear Salwar Kameez Suit
Pakistani Heavy Embroidery Work Salwar Kameez Free Shipping Kurta Pant Sets New,Heavy Embroidery Salwar Kameez - Pakistani Kurta Pant Dupatta Combo
Women Readymade Salwar Kameez Suit Set Indian Designer Ethnic Palazzo Kurta Sets,Ethnic Palazzo Kurta Set - Designer Readymade Salwar Kameez for Women
Fully Readymade Palazzo Kurta Dupatta Set Indian Designer Kurta Kurti For Women,Fully Readymade Palazzo Set - Indian Designer Kurta with Dupatta
Bollywood Party Wear Kurta Palazzo Dupatta Set Indian Designer 3 Piece Combo Set,3-Piece Bollywood Kurta Set - Readymade Palazzo Salwar Kameez Combo
Fully Ready made Salwar Kameez New Women Kurta Palazzo Dupatta Set Gift For Her,New Kurta Palazzo Set for Women - Readymade Suit Gift for Her
Indian Wedding Wear Kurta Palazzo Dupatta Set Christmas Wear Red Salwar Kameez,Red Wedding Salwar Kameez Set - Readymade Kurta Palazzo Dupatta
Indian Women Wedding Wear Salwar Kameez Readymade Kurta Palazzo With Dupatta Set,Wedding Salwar Kameez Suit - Indian Readymade Kurta Palazzo Set
Gift For Her Black Salwar Kameez Readymade Women Wear Kurta Palazzo Dupatta Set,Gift Her Black Salwar Kameez - Readymade Kurta Palazzo with Dupatta
Indian Bollywood Wear Designer Salwar Kameez Readymade Kurta Pant Dupatta Sets,Bollywood Kurta Dupatta Set - Indian Designer Readymade Salwar Suit
Premium Muslin Kurta Pant Set Indian Printed Kurta Kurti Set Women Salwar Kameez,Premium Muslin Kurta Pant Set - Printed Designer Salwar Kameez Suit
Pure Fine Cotton Palazzo Kurta Dupatta Set Embroidered Salwar Kameez Ready Made,Fine Cotton Kurta Palazzo Set - Readymade Embroidered Salwar Kameez
Fully Readymade Kurta Palazzo & Dupatta Set Indian Designer Salwar Kameez Suits,Readymade Designer Palazzo Set - Indian Salwar Kameez with Dupatta
Pure Cotton Straight Kurta Palazzo Set Indian Kurtis & Kurtas Set Salwar Kameez,Straight Cotton Palazzo Set - Indian Readymade Salwar Kameez Suit
Fully Ready made Designer Palazzo Kurta Set Wedding Wear Salwar Kameez for Women,Designer Palazzo Kurta Combo - Wedding Wear Salwar Kameez for Women
BLUE SALWAR KAMEEZ READY MADE BOLLYWOOD PARTY PALAZZO KURTA SET EID SPECIAL SUIT,Blue Party Palazzo Kurta Set - Readymade Eid Salwar Kameez Suit
Indian Handmade Printed Kurta Palazzo Dupatta Set Women Elegant Kurti Pant Sets,Handmade Printed Kurta Set - Elegant Indian Palazzo Dupatta Combo
FULLY READYMADE RED SALWAR KAMEEZ WOMEN NESTIVAL WEAR KURTA PALAZZO DUPATTA SET,Red Festival Kurta Palazzo Set - Readymade Women Salwar Kameez Suit
Pakistani Shalwar Kameez Ready Made Women Kurta Palazzo Dupatta Set 3 Piece Suit,Pakistani Shalwar Kameez Suit - 3 Piece Readymade Kurta Palazzo Set
Hot Red Kurta Kurti Set Wedding Festival Partywear Anarkali Kurta Dupatta Suits,Red Kurta Set for Weddings - Partywear Anarkali Kurta Dupatta Combo
Blue Women Wear Palazzo Kurta & Dupatta Set Bollywood Party Wear Kurta Pant Sets,Blue Palazzo Kurta Dupatta Set - Bollywood Wedding Wear Salwar Suit
Indian Designer Co-Ord Set For Women Gift For Her Indian Salwar Kameez Readymade,Co-Ord Kurta Set for Her - Indian Designer Readymade Salwar Kameez
Indian Bollywood Wear Kurta Pant Dupatta Set Pakistani Designer Salwar Kameez,Bollywood Kurta Pant Set - Pakistani Designer Salwar Kameez Combo
Indian Wedding Wear Kurta Pant Set With Designer Dupatta Gift For Her Readymade,Wedding Kurta Pant Dupatta Set - Gift for Her Readymade Combo Suit
Wedding Wear Kurta Palazzo Dupatta Set Fully Readymade Salwar Kameez For Eid Set,Eid Special Palazzo Set - Readymade Kurta Dupatta Wedding Wear Suit
Gift For Her Women Wear Kurta Palazzo Dupatta Set Salwar Kameez Readymade Suits,Gift for Her Palazzo Suit Set - Readymade Kurta Salwar Kameez Combo
Hot Red Kurta Pant With Dupatta Set Indian Bollywood Wear Winter Wear Velvet Set,Red Velvet Kurta Pant Set - Winter Wear Readymade Salwar Kameez Suit
Fully Readymade Kurta Palazzo Dupatta Set Indian Designer Women Kurti Kurta Sets,Designer Readymade Kurta Set - Women’s Salwar Kameez Dupatta Combo
Pakistani Embroidered Salwar Kameez Readymade Women Wear Palazzo Kurta Suit Set,Embroidered Kurta Suit Set - Pakistani Readymade Palazzo Dupatta Suit
Premium Muslin Kurta Pant With Dupatta Set Indian Salwar Kameez Readymade Suits,Muslin Palazzo Kurta Set - Readymade Indian Salwar Kameez for Women
Pakistani Embroidered Salwar Kameez For Eid Indian Elegant Kurta Palazzo Set New,Embroidered Pakistani Kurta Set - Eid Salwar Kameez Palazzo Suit
Indian Festival/Wedding Wear Kurta Palazzo Dupatta Set Salwar Kameez Readymade,Festival Kurta Dupatta Set - Indian Readymade Salwar Kameez for Women
"Premium Heavy Summer Cotton Kurti Pant Sets, Women Salwar Kameez Ready To Wear",Summer Cotton Kurti Set - Readymade Women Salwar Kameez Combo Outfit
Fully Readymade Kurta Palazzo Set Women Wear Plus Size 7XL Salwar Kameez Big Set,Plus Size Palazzo Kurta Suit - 7XL Readymade Salwar Kameez Big Set
Indian Women Salwar Kameez Readymade Suits Kurta Palazzo Dupatta Set 3 Pc Stitch,3 Piece Kurta Palazzo Suit - Indian Readymade Salwar Kameez Set
Pakistani Embroidered Shalwar Kameez Readymade Women Kurta Palazzo Set For Eid,Eid Ready Kurta Palazzo Set - Pakistani Salwar Kameez Combo for Women
Classy White Chikankari Kurta Pant With Dupatta Set Indian Festival Wear Dresses,White Chikankari Kurta Set - Festival Wear Palazzo Dupatta Dress
"Pure Muslin Kurta Palazzo With Dupatta Set, Readymade Salwar Kameez Stitched Set",Muslin Readymade Salwar Kameez - Kurta Palazzo Dupatta Combo Set
Indian Wedding Festival Wear Kurti Pant Set Cotton Salwar Kameez Readymade Sets,Festival Kurti Pant Set - Cotton Readymade Indian Salwar Kameez Suit
Indian Festival Wear Kurta Pant Dupatta Set Women Readymade Salwar Kameez Suits,Festival Wear Kurta Set - Readymade Indian Salwar Kameez with Dupatta
Red Bandhej Kurta Palazzo Dupatta Set Indian Festival Wear Salwar Kameez Stitch,Bandhej Kurta Palazzo Set - Festival Wear Red Salwar Kameez Combo
Wedding Wear Kurta Palazzo Dupatta Set Indian Women Wear Salwar Kameez For Gift,Wedding Kurta Palazzo Dupatta Set - Gift Ready Salwar Kameez Combo
Indian Bollywood Wear Kurta Pant Dupatta Sets Anarkali Designer Kurtis & Kurtas,Bollywood Anarkali Kurta Set - Designer Readymade Kurti Pant Combo
Indian Wedding Wear Kurta Palazzo Dupatta Women Designer Salwar Kameez 3 Piece,Wedding Salwar Kameez Combo - Designer 3-Piece Kurta Palazzo Set
Plus Size upto 7XL Kurta Pant With Dupatta Set Indian Big Size Kurtis For Woman,7XL Kurta Palazzo Set - Plus Size Indian Women’s Readymade Outfit
Stitched Kurta Palazzo With Dupatta Set Indian Salwar Kameez Readymade 3 Piece,Kurta Palazzo Dupatta Suit - Indian 3-Piece Readymade Salwar Combo
Pakistani Readymade Salwar Kameez Women Kurta Palazzo Dupatta Set Top Tunic Set,Pakistani Readymade Kurta Set - Tunic Top Palazzo Dupatta 3-Piece
Indian Readymade Kurta Palazzo Dupatta Set Women Festival Wear Anarkali Suit Set,Anarkali Kurta Suit Set - Women Readymade Festival Wear Outfit
Indian Karwa Chauth Kurta Pant Dupatta Set Handwork Salwar Kameez Red Suit Sets,Karwa Chauth Red Kurta Set - Handwork Readymade Salwar Kameez
Indian Wedding Wear Kurta Palazzo Dupatta Set Hand Word Salwar Kameez Readymade,Wedding Handwork Kurta Set - Indian Readymade Palazzo Dupatta Suit
Fully Readymade Kurta Palazzo Dupatta Set Indian Designer Embroidered Salwar Set,Embroidered Kurta Palazzo Set - Indian Readymade Salwar Kameez Suit
Indian Salwar Kameez Readymade Women Cotton Palazzo Kurta Dupatta For Festival,Cotton Readymade Salwar Suit - Kurta Palazzo Dupatta Festival Wear
Black Palazzo Kurta Set Stylish Bollywood Party Kurta Pant Set Gift For Her,Black Bollywood Kurta Set - Stylish Palazzo Suit Gift for Her
Women Wear Pakistani Salwar Kameez Readymade Indian Kurta Palazzo Dupatta Suits,Pakistani Readymade Salwar Suit - Kurta Palazzo Dupatta Set for Women
Straight Palazzo Kurta Suit Set Indian Designer Kurti & Kurtas Festival Wear Set,Palazzo Suit Set for Festivals - Indian Kurti Readymade Combo Dress
Indian Designer Kurta Palazzo Dupatta Set Festival Wear Salwar Kameez Readymade,Indian Designer Palazzo Set - Readymade Festival Salwar Kameez Suit
Pakistani Heavy ChikanKari Anarkali Kurta With Dupatta Set Indian Wedding Wear,Pakistani ChikanKari Kurta Set - Wedding Wear Anarkali Dupatta Combo
Heavy Cotton Anarkali Kurta Palazzo Dupatta Set Indian Designer Printed Dresses,Cotton Anarkali Kurta Suit - Indian Printed Palazzo Dupatta Dress
Indian Wedding Wear Kurta Palazzo Set Cotton Kurti Dupatta Sets 3 Piece Stitched,Cotton Kurti Dupatta Set - Indian Wedding Wear Palazzo Suit 3 Piece
Indian Festival Wear Kurta Palazzo Dupatta Set Women Readymade Salwar Kameez Set,Indian Festival Palazzo Set - Readymade Kurta Dupatta Salwar Kameez
Heavy Embroidery Work Salwar Kameez Suit Set Top Tunic Combo Set 3 Piece Stitch,Embroidery Work Suit Combo - Readymade 3-Piece Tunic Kurta Kameez
Heavy Velvet Kurta Palazzo Dupatta Set Fully Readymade Salwar Kameez Suits Sets,Velvet Readymade Suit Set - Designer Kurta Palazzo Salwar Kameez
Plus Size Kurta Palazzo Dupatta Set Bollywood Wear Women Salwar Kameez Readymade,Plus Size Salwar Kameez Suit - Readymade Kurta Palazzo Set for Women
Pakistani Embroidered Salwar Kameez Readymade Women Kurta Palazzo Dupatta Sets,Pakistani Readymade Salwar Suit - Kurta Palazzo Embroidered Set
Pure Cotton Kurta Palazzo Dupatta Set 3 Piece Fully Stitched Salwar Kameez Suits,Pure Cotton Kurta Palazzo Dupatta Set - 3 Piece Readymade Salwar Kameez Suit
Indian Designer Women Wear Kurta Kurti Set Anarkali Flared Salwar Kameez Stitch,Indian Anarkali Flared Kurti Set - Designer Readymade Salwar Kameez for Women
FULLY READYMADE ANARKALI KURTA PANT & DUPATTA SET INDIAN WEDDING FESTIVAL WEAR,Anarkali Kurta Pant Dupatta Set - Readymade Indian Wedding & Festival Wear
Pakistani Embroidered Salwar Kameez Readymade Women Wedding Wear Kurti Pant Sets,Pakistani Embroidered Salwar Kameez Set - Readymade Kurti Pant Wedding Outfit
Indian Printed Kurta Palazzo Dupatta Set Women Readymade Salwar kameez Suit Set,Printed Kurta Palazzo Dupatta Set - Indian Readymade Salwar Kameez for Women
Women Red Bollywood Wear Salwar Kameez Embroidery Work Kurta Sharara Set Diwali,Red Bollywood Salwar Kameez Set - Embroidered Kurta Sharara for Diwali
Fully Readymade Kurta Palazzo Dupatta Set 3 Piece Combo Readymade Salwar Kameez,3-Piece Kurta Palazzo Dupatta Set - Readymade Salwar Kameez Suit Combo
Indian Diwali Festival Wear Salwar Kameez White Women Kurta Palazzo Dupatta Set,White Diwali Kurta Palazzo Set - Indian Readymade Festival Wear for Women
Indian Designer Kurta Palazzo Dupatta Set Women Salwar Kameez Readymade Combo,Designer Kurta Palazzo Dupatta Set - Readymade Indian Salwar Kameez Combo
INDIAN DESIGNER PALAZZO KURTA SET FULLY READY MADE SALWAR KAMEEZ 2 PIECE SETS,Palazzo Kurta 2-Piece Set - Indian Designer Readymade Salwar Kameez Suit
Red Kurta Palazzo Dupatta Set Indian Embroidery Work Readymade Salwar Kameez Set,Red Embroidered Kurta Palazzo Dupatta Set - Readymade Salwar Kameez Outfit
Women Pakistani Bollywood Kurtis & Kurtas Sets Indian Designer Palazzo Kurta Set,Bollywood Pakistani Kurtis Set - Designer Readymade Palazzo Kurta Combo
Fully Readymade Kurta Pant Dupatta Set 3 Piece Top Tunic Combo Gift For Her/Girl,3-Piece Kurta Pant Dupatta Gift Set - Readymade Combo for Women & Girls
Women Wedding Wear Kurta Palazzo Dupatta Set Blue Readymade Shalwar Kameez Suit,Blue Wedding Kurta Palazzo Dupatta Set - Readymade Salwar Kameez Suit
Plus Size Upto 3XL Kurta Palazzo Dupatta Set Gift For Women Kurtis & Kurtas Sets,Plus Size Kurta Palazzo Dupatta Set - Upto 3XL Gift-Ready Readymade Suit
Fully Readymade Kurta Palazzo Dupatta Set Valentine Special Salwar Kameez Top,Valentine Kurta Palazzo Dupatta Set - Fully Stitched Salwar Kameez Combo
Pakistani Eid Special Salwar Kameez Readymade Fully Stitched Kurta Palazzo Set,Eid Special Pakistani Salwar Kameez Set - Readymade Kurta Palazzo Suit
Fully Readymade Straight Kurta Palazzo Dupatta Wedding Bollywood Wear Salwar Set,Bollywood Wedding Salwar Set - Straight Kurta Palazzo Dupatta Ready to Wear
Women Wear White Salwar Kameez Readymade Bollywood Party Kurta Palazzo Dupatta,White Bollywood Party Kurta Set - Readymade Salwar Kameez for Women
Indian Wedding Wear Kurti Pant Set Women Designer Salwar Kameez Readymade Combo,Indian Wedding Kurti Pant Set - Designer Readymade Salwar Kameez Combo
Fully Stitched Palazzo Kurta Dupatta Sets 3 Piece Combo Women Wear Salwar Kameez,3-Piece Palazzo Kurta Dupatta Set - Stitched Women Wear Salwar Kameez
Pakistani Embroidered Readymade Salwar Kameez Indian Elegant Kurti Pant Sets,Pakistani Embroidered Kurti Pant Set - Readymade Indian Wedding Suit
Indian Festival Wear Kurta Palazzo Dupatta Set Women Designer Salwar Kameez Suit,Festival Kurta Palazzo Dupatta Set - Designer Indian Readymade Salwar Kameez
White Cotton Readymade Salwar Kameez Indian Designer Kurta Palazzo Dupatta Suits,White Cotton Kurta Palazzo Dupatta Set - Readymade Indian Salwar Suit
Stitched Kurta Palazzo Dupatta Set Pink Salwar Kameez For Women Wear Dresses Set,Pink Stitched Kurta Palazzo Set - Readymade Salwar Kameez for Women
Pure Georgette Kurta Sharara Dupatta Set Indian Wedding Wear Dress Salwar Kameez,Georgette Kurta Sharara Dupatta Set - Indian Wedding Salwar Kameez Dress
Bollywood Wear Kurta Pant Dupatta Set Indian Designer Stylish Salwar Kameez Eid,Stylish Bollywood Kurta Pant Set - Eid Wear Designer Salwar Kameez Suit
Fully Readymade Kurta Pant Dupatta & Tote Bag Readymade Tote Bag Salwar Kameez,Kurta Pant Dupatta & Tote Bag Combo - Readymade Salwar Kameez Gift Set
Indian Elegant Kurta Pant Sets Heavy Cotton Flared Kurta Kurti Set Salwar Kameez,Elegant Kurta Pant Set - Heavy Cotton Flared Designer Salwar Kameez
PAKISTANI 3 PIECE STITCHED KURTIS AND KURTAS SETS INDIAN DESIGNER SALWAR KAMEEZ,Pakistani 3-Piece Kurti Set - Designer Indian Readymade Salwar Kameez
Indian Women Wedding Wear Palazzo Kurta Set Festival Wear Salwar Kameez Stitched,Palazzo Kurta Set for Weddings - Festival Readymade Salwar Kameez Suit
Plus Size Salwar Kameez Readymade Indian Designer Big Size Kurta Palazzo Dupatta,Plus Size Readymade Salwar Kameez - Designer Kurta Palazzo Dupatta Set
Women Wear Pakistani Salwar Kameez Readymade 3 Piece Stitched Top Tunic Combo,Pakistani Readymade Salwar Kameez - 3-Piece Tunic Top Combo for Women
Indian Bollywood Wear Kurta Palazzo Dupatta Set Women Wedding Wear Salwar Kameez,Bollywood Kurta Palazzo Dupatta Set - Wedding Wear Salwar Kameez for Women
Indian Designer Kurta And Kurtis Set Plus Size Women Wear Salwar Big Size Suit,Designer Kurta & Kurtis Set - Readymade Plus Size Salwar Kameez for Women
Summer Cotton Straight Palazzo Kurta Set With Dupatta Set 3 Piece Salwar Kameez,Summer Cotton Palazzo Kurta Set - 3-Piece Dupatta Ready Salwar Kameez
Indian Festival Wear Kurta Palazzo Dupatta Set Fully Readymade Salwar Kameez Set,Festival Kurta Palazzo Dupatta Set - Fully Stitched Readymade Salwar Suit
Pakistani Blue Salwar Kameez Readymade Women Wear Kurta Palazzo Bollywood Party,Pakistani Blue Salwar Kameez Set - Bollywood Kurta Palazzo Ready to Wear
INDIAN FESTIVAL WEAR KURTA PALAZZO DUPATTA SET WOMEN SUMMER COTTON SALWAR KAMEEZ,Summer Cotton Kurta Palazzo Dupatta Set - Indian Festival Readymade Suit
INDIAN WEDDING WEAR PARTYWEAR KURTA DUPATTA SET SALWAR KAMEEZ FULLY READYMADE,Wedding Party Kurta Dupatta Set - Fully Readymade Salwar Kameez for Women
Pakistani Readymade Salwar Kameez For Women Indian Festival Sharara Kurta Sets,Sharara Kurta Set - Pakistani Readymade Salwar Kameez for Festival Wear
Fully Readymade Kurta Pant Set Straight Palazzo Kurta Set Women Wedding Wear Set,Wedding Palazzo Kurta Pant Set - Straight Kurta Readymade Salwar Suit
Pure Georgette Kurta Sharara Dupatta Set Indian Wedding Wear Dress Salwar Kameez,Georgette Sharara Kurta Dupatta Set - Indian Wedding Salwar Kameez Dress
Fully Readymade Women Wear Palazzo Kurta Set Pakistani Embroidered Salwar Kameez,Pakistani Embroidered Palazzo Kurta Set - Women’s Readymade Salwar Kameez
Yellow Haldi Wear Kurta Palazzo Dupatta Set Kurtis With Tote Bag 4 Piece Combo,Haldi Yellow Kurta Palazzo Dupatta Set - Tote Bag 4-Piece Wedding Combo
Flower Printed Kurta Palazzo Dupatta Set Indian Designer Women Salwar Kameez Set,Floral Printed Kurta Palazzo Dupatta Set - Designer Women Salwar Kameez
Classy Black Palazzo Kurta Set Wedding Special Salwar Kameez Readymade Suits Set,Black Palazzo Kurta Set - Wedding Special Readymade Salwar Kameez Suit
Indian Anarkali Kurta Kurti Sets Pakistani Eid Festival Wear Kurta Palazzo Set,Anarkali Kurta Kurti Set - Pakistani Eid Festival Readymade Palazzo Suit
PURE SILK SALWAR KAMEEZ FOR WOMEN WEAR EID FESTIVAL WEAR PALAZZO KURTA DUPATTA,Pure Silk Salwar Kameez for Women - Eid Festival Wear Kurta Dupatta Set
Hot Black Kurta Kurti Set Women's Readymade Salwar Kameez Indian Kurta Palazzo,Black Kurta Kurti Set - Readymade Indian Kurta Palazzo Salwar Kameez
Fully Readymade Kurta Palazzo Set Women Wear Plus Size 7XL Salwar Kameez Big Set,Plus Size Kurta Palazzo Set - 7XL Readymade Women Salwar Kameez Outfit
Full Stitched Plus Size Palazzo Kurta Set For Women Indian Casual Wear Big Size,Big Size Palazzo Kurta Set - Full Stitched Indian Women Casual Salwar Suit
Fully Readymade Kurta Palazzo Dupatta Set Indian Women Designer Salwar kameez,Designer Kurta Palazzo Dupatta Set - Indian Readymade Salwar Kameez for Women
Indian Wedding Wear Kurta Palazzo Dupatta Sets Women Kurti Pant Set Salwar Suits,Wedding Kurta Palazzo Dupatta Set - Indian Readymade Kurti Pant Salwar Suit
Indian Women Wear Stitched Kurta Pant Set Kurtas & Kurtis Set Salwar Kameez Suit,Stitched Kurta Pant Combo Set - Indian Kurtas & Kurtis Salwar Kameez Suit
Fully Readymade Kurta Pant Set Straight Palazzo Kurta Set Women Wedding Wear Set,Straight Palazzo Kurta Pant Set - Readymade Wedding Wear for Women
Indian Women Designer Kurta With Pant Set Designer Dupatta For Festival /Wedding,Designer Kurta With Pant Set - Dupatta Combo for Festival & Wedding Wear
